[{"CWE-ID": "CWE-121", "criterion": "fgets", "line": 37, "slices": ["/* TEMPLATE GENERATED TESTCASE FILE", "int CWE121_Stack_Based_Buffer_Overflow__CWE129_fgets_22_badGlobal = 0;", "void CWE121_Stack_Based_Buffer_Overflow__CWE129_fgets_22_badSink(int data);", "void CWE121_Stack_Based_Buffer_Overflow__CWE129_fgets_22_bad()", "int data;", "data = -1;", "{", "char inputBuffer[CHAR_ARRAY_SIZE] = \"\";", "/* POTENTIAL FLAW: Read data from the console using fgets() */", "if (fgets(inputBuffer, CHAR_ARRAY_SIZE, stdin) != NULL)", "{", "data = atoi(inputBuffer);", "printLine(\"fgets() failed.\");", "}", "CWE121_Stack_Based_Buffer_Overflow__CWE129_fgets_22_badGlobal = 1; /* true */", "CWE121_Stack_Based_Buffer_Overflow__CWE129_fgets_22_badSink(data);", "int CWE121_Stack_Based_Buffer_Overflow__CWE129_fgets_22_goodB2G1Global = 0;", "int CWE121_Stack_Based_Buffer_Overflow__CWE129_fgets_22_goodB2G2Global = 0;", "int CWE121_Stack_Based_Buffer_Overflow__CWE129_fgets_22_goodG2BGlobal = 0;"]}, {"CWE-ID": "CWE-121", "criterion": "atoi", "line": 99, "slices": ["static void goodB2G2()", "data = -1;", "char inputBuffer[CHAR_ARRAY_SIZE] = \"\";", "if (fgets(inputBuffer, CHAR_ARRAY_SIZE, stdin) != NULL)", "/* Convert to int */", "data = atoi(inputBuffer);", "}", "{", "printLine(\"fgets() failed.\");", "}", "CWE121_Stack_Based_Buffer_Overflow__CWE129_fgets_22_goodB2G2Global = 1; /* true */", "CWE121_Stack_Based_Buffer_Overflow__CWE129_fgets_22_goodB2G2Sink(data);", "void CWE121_Stack_Based_Buffer_Overflow__CWE129_fgets_22_goodG2BSink(int data);"]}, {"CWE-ID": "CWE-121", "criterion": "fgets", "line": 96, "slices": ["static void goodB2G2()", "data = -1;", "char inputBuffer[CHAR_ARRAY_SIZE] = \"\";", "if (fgets(inputBuffer, CHAR_ARRAY_SIZE, stdin) != NULL)", "/* Convert to int */", "data = atoi(inputBuffer);", "}", "{", "printLine(\"fgets() failed.\");", "}", "CWE121_Stack_Based_Buffer_Overflow__CWE129_fgets_22_goodB2G2Global = 1; /* true */", "CWE121_Stack_Based_Buffer_Overflow__CWE129_fgets_22_goodB2G2Sink(data);", "void CWE121_Stack_Based_Buffer_Overflow__CWE129_fgets_22_goodG2BSink(int data);"]}, {"CWE-ID": "CWE-121", "criterion": "atoi", "line": 40, "slices": ["/* TEMPLATE GENERATED TESTCASE FILE", "int CWE121_Stack_Based_Buffer_Overflow__CWE129_fgets_22_badGlobal = 0;", "void CWE121_Stack_Based_Buffer_Overflow__CWE129_fgets_22_badSink(int data);", "void CWE121_Stack_Based_Buffer_Overflow__CWE129_fgets_22_bad()", "int data;", "data = -1;", "{", "char inputBuffer[CHAR_ARRAY_SIZE] = \"\";", "/* POTENTIAL FLAW: Read data from the console using fgets() */", "if (fgets(inputBuffer, CHAR_ARRAY_SIZE, stdin) != NULL)", "{", "data = atoi(inputBuffer);", "printLine(\"fgets() failed.\");", "}", "CWE121_Stack_Based_Buffer_Overflow__CWE129_fgets_22_badGlobal = 1; /* true */", "CWE121_Stack_Based_Buffer_Overflow__CWE129_fgets_22_badSink(data);", "int CWE121_Stack_Based_Buffer_Overflow__CWE129_fgets_22_goodB2G1Global = 0;", "int CWE121_Stack_Based_Buffer_Overflow__CWE129_fgets_22_goodB2G2Global = 0;", "int CWE121_Stack_Based_Buffer_Overflow__CWE129_fgets_22_goodG2BGlobal = 0;"]}, {"CWE-ID": "CWE-121", "criterion": "fgets", "line": 71, "slices": ["void CWE121_Stack_Based_Buffer_Overflow__CWE129_fgets_22_goodB2G1Sink(int data);", "static void goodB2G1()", "/* Initialize data */", "data = -1;", "char inputBuffer[CHAR_ARRAY_SIZE] = \"\";", "if (fgets(inputBuffer, CHAR_ARRAY_SIZE, stdin) != NULL)", "{", "data = atoi(inputBuffer);", "else", "printLine(\"fgets() failed.\");", "}", "CWE121_Stack_Based_Buffer_Overflow__CWE129_fgets_22_goodB2G1Global = 0; /* false */", "CWE121_Stack_Based_Buffer_Overflow__CWE129_fgets_22_goodB2G1Sink(data);", "/* goodB2G2() - use badsource and goodsink by reversing the blocks in the if in the sink function */"]}, {"CWE-ID": "CWE-121", "criterion": "atoi", "line": 74, "slices": ["void CWE121_Stack_Based_Buffer_Overflow__CWE129_fgets_22_goodB2G1Sink(int data);", "static void goodB2G1()", "/* Initialize data */", "data = -1;", "char inputBuffer[CHAR_ARRAY_SIZE] = \"\";", "if (fgets(inputBuffer, CHAR_ARRAY_SIZE, stdin) != NULL)", "{", "data = atoi(inputBuffer);", "else", "printLine(\"fgets() failed.\");", "}", "CWE121_Stack_Based_Buffer_Overflow__CWE129_fgets_22_goodB2G1Global = 0; /* false */", "CWE121_Stack_Based_Buffer_Overflow__CWE129_fgets_22_goodB2G1Sink(data);", "/* goodB2G2() - use badsource and goodsink by reversing the blocks in the if in the sink function */"]}]