[{"CWE-ID": "CWE-121", "criterion": "atoi", "line": 80, "slices": ["static void goodB2G()", "data = -1;", "char inputBuffer[CHAR_ARRAY_SIZE] = \"\";", "/* POTENTIAL FLAW: Read data from the console using fgets() */", "if (fgets(inputBuffer, CHAR_ARRAY_SIZE, stdin) != NULL)", "data = atoi(inputBuffer);", "else", "printLine(\"fgets() failed.\");", "}", "CWE121_Stack_Based_Buffer_Overflow__CWE129_fgets_51b_goodB2GSink(data);", "}", "void CWE121_Stack_Based_Buffer_Overflow__CWE129_fgets_51_good()", "goodG2B();", "goodB2G();"]}, {"CWE-ID": "CWE-121", "criterion": "fgets", "line": 77, "slices": ["static void goodB2G()", "data = -1;", "char inputBuffer[CHAR_ARRAY_SIZE] = \"\";", "/* POTENTIAL FLAW: Read data from the console using fgets() */", "if (fgets(inputBuffer, CHAR_ARRAY_SIZE, stdin) != NULL)", "data = atoi(inputBuffer);", "else", "printLine(\"fgets() failed.\");", "}", "CWE121_Stack_Based_Buffer_Overflow__CWE129_fgets_51b_goodB2GSink(data);", "}", "void CWE121_Stack_Based_Buffer_Overflow__CWE129_fgets_51_good()", "goodG2B();", "goodB2G();"]}, {"CWE-ID": "CWE-121", "criterion": "atoi", "line": 38, "slices": ["/* bad function declaration */", "void CWE121_Stack_Based_Buffer_Overflow__CWE129_fgets_51_bad()", "{", "data = -1;", "char inputBuffer[CHAR_ARRAY_SIZE] = \"\";", "if (fgets(inputBuffer, CHAR_ARRAY_SIZE, stdin) != NULL)", "/* Convert to int */", "data = atoi(inputBuffer);", "printLine(\"fgets() failed.\");", "CWE121_Stack_Based_Buffer_Overflow__CWE129_fgets_51b_badSink(data);"]}, {"CWE-ID": "CWE-121", "criterion": "fgets", "line": 35, "slices": ["/* bad function declaration */", "void CWE121_Stack_Based_Buffer_Overflow__CWE129_fgets_51_bad()", "{", "data = -1;", "char inputBuffer[CHAR_ARRAY_SIZE] = \"\";", "if (fgets(inputBuffer, CHAR_ARRAY_SIZE, stdin) != NULL)", "/* Convert to int */", "data = atoi(inputBuffer);", "printLine(\"fgets() failed.\");", "CWE121_Stack_Based_Buffer_Overflow__CWE129_fgets_51b_badSink(data);"]}]