[{"CWE-ID": "CWE-121", "criterion": "fgets", "line": 139, "slices": ["static void goodB2G2()", "data = -1;", "if(STATIC_CONST_FIVE==5)", "char inputBuffer[CHAR_ARRAY_SIZE] = \"\";", "if (fgets(inputBuffer, CHAR_ARRAY_SIZE, stdin) != NULL)", "data = atoi(inputBuffer);", "printLine(\"fgets() failed.\");", "if(STATIC_CONST_FIVE==5)", "int buffer[10] = { 0 };", "if (data >= 0 && data < (10))", "buffer[data] = 1;", "for(i = 0; i < 10; i++)", "printIntLine(buffer[i]);", "printLine(\"ERROR: Array index is out-of-bounds\");"]}, {"CWE-ID": "CWE-121", "criterion": "atoi", "line": 92, "slices": ["static void goodB2G1()", "data = -1;", "if(STATIC_CONST_FIVE==5)", "char inputBuffer[CHAR_ARRAY_SIZE] = \"\";", "if (fgets(inputBuffer, CHAR_ARRAY_SIZE, stdin) != NULL)", "data = atoi(inputBuffer);", "printLine(\"fgets() failed.\");", "if(STATIC_CONST_FIVE!=5)", "printLine(\"Benign, fixed string\");", "int buffer[10] = { 0 };", "if (data >= 0 && data < (10))", "buffer[data] = 1;", "for(i = 0; i < 10; i++)", "printIntLine(buffer[i]);", "printLine(\"ERROR: Array index is out-of-bounds\");"]}, {"CWE-ID": "CWE-121", "criterion": "fgets", "line": 39, "slices": ["void CWE121_Stack_Based_Buffer_Overflow__CWE129_fgets_06_bad()", "data = -1;", "if(STATIC_CONST_FIVE==5)", "char inputBuffer[CHAR_ARRAY_SIZE] = \"\";", "if (fgets(inputBuffer, CHAR_ARRAY_SIZE, stdin) != NULL)", "data = atoi(inputBuffer);", "printLine(\"fgets() failed.\");", "if(STATIC_CONST_FIVE==5)", "int buffer[10] = { 0 };", "if (data >= 0)", "buffer[data] = 1;", "for(i = 0; i < 10; i++)", "printIntLine(buffer[i]);", "printLine(\"ERROR: Array index is negative.\");"]}, {"CWE-ID": "CWE-121", "criterion": "atoi", "line": 142, "slices": ["static void goodB2G2()", "data = -1;", "if(STATIC_CONST_FIVE==5)", "char inputBuffer[CHAR_ARRAY_SIZE] = \"\";", "if (fgets(inputBuffer, CHAR_ARRAY_SIZE, stdin) != NULL)", "data = atoi(inputBuffer);", "printLine(\"fgets() failed.\");", "if(STATIC_CONST_FIVE==5)", "int buffer[10] = { 0 };", "if (data >= 0 && data < (10))", "buffer[data] = 1;", "for(i = 0; i < 10; i++)", "printIntLine(buffer[i]);", "printLine(\"ERROR: Array index is out-of-bounds\");"]}, {"CWE-ID": "CWE-121", "criterion": "atoi", "line": 42, "slices": ["void CWE121_Stack_Based_Buffer_Overflow__CWE129_fgets_06_bad()", "data = -1;", "if(STATIC_CONST_FIVE==5)", "char inputBuffer[CHAR_ARRAY_SIZE] = \"\";", "if (fgets(inputBuffer, CHAR_ARRAY_SIZE, stdin) != NULL)", "data = atoi(inputBuffer);", "printLine(\"fgets() failed.\");", "if(STATIC_CONST_FIVE==5)", "int buffer[10] = { 0 };", "if (data >= 0)", "buffer[data] = 1;", "for(i = 0; i < 10; i++)", "printIntLine(buffer[i]);", "printLine(\"ERROR: Array index is negative.\");"]}, {"CWE-ID": "CWE-121", "criterion": "fgets", "line": 89, "slices": ["static void goodB2G1()", "data = -1;", "if(STATIC_CONST_FIVE==5)", "char inputBuffer[CHAR_ARRAY_SIZE] = \"\";", "if (fgets(inputBuffer, CHAR_ARRAY_SIZE, stdin) != NULL)", "data = atoi(inputBuffer);", "printLine(\"fgets() failed.\");", "if(STATIC_CONST_FIVE!=5)", "printLine(\"Benign, fixed string\");", "int buffer[10] = { 0 };", "if (data >= 0 && data < (10))", "buffer[data] = 1;", "for(i = 0; i < 10; i++)", "printIntLine(buffer[i]);", "printLine(\"ERROR: Array index is out-of-bounds\");"]}]