[{"CWE-ID": "CWE-121", "criterion": "fgets", "line": 86, "slices": ["static void goodB2G()", "data = -1;", "while(1)", "char inputBuffer[CHAR_ARRAY_SIZE] = \"\";", "if (fgets(inputBuffer, CHAR_ARRAY_SIZE, stdin) != NULL)", "data = atoi(inputBuffer);", "printLine(\"fgets() failed.\");", "break;", "while(1)", "int buffer[10] = { 0 };", "if (data >= 0 && data < (10))", "buffer[data] = 1;", "for(i = 0; i < 10; i++)", "printIntLine(buffer[i]);", "printLine(\"ERROR: Array index is out-of-bounds\");", "break;"]}, {"CWE-ID": "CWE-121", "criterion": "atoi", "line": 37, "slices": ["void CWE121_Stack_Based_Buffer_Overflow__CWE129_fgets_16_bad()", "data = -1;", "while(1)", "char inputBuffer[CHAR_ARRAY_SIZE] = \"\";", "if (fgets(inputBuffer, CHAR_ARRAY_SIZE, stdin) != NULL)", "data = atoi(inputBuffer);", "printLine(\"fgets() failed.\");", "break;", "while(1)", "int buffer[10] = { 0 };", "if (data >= 0)", "buffer[data] = 1;", "for(i = 0; i < 10; i++)", "printIntLine(buffer[i]);", "printLine(\"ERROR: Array index is negative.\");", "break;"]}, {"CWE-ID": "CWE-121", "criterion": "fgets", "line": 34, "slices": ["void CWE121_Stack_Based_Buffer_Overflow__CWE129_fgets_16_bad()", "data = -1;", "while(1)", "char inputBuffer[CHAR_ARRAY_SIZE] = \"\";", "if (fgets(inputBuffer, CHAR_ARRAY_SIZE, stdin) != NULL)", "data = atoi(inputBuffer);", "printLine(\"fgets() failed.\");", "break;", "while(1)", "int buffer[10] = { 0 };", "if (data >= 0)", "buffer[data] = 1;", "for(i = 0; i < 10; i++)", "printIntLine(buffer[i]);", "printLine(\"ERROR: Array index is negative.\");", "break;"]}, {"CWE-ID": "CWE-121", "criterion": "atoi", "line": 89, "slices": ["static void goodB2G()", "data = -1;", "while(1)", "char inputBuffer[CHAR_ARRAY_SIZE] = \"\";", "if (fgets(inputBuffer, CHAR_ARRAY_SIZE, stdin) != NULL)", "data = atoi(inputBuffer);", "printLine(\"fgets() failed.\");", "break;", "while(1)", "int buffer[10] = { 0 };", "if (data >= 0 && data < (10))", "buffer[data] = 1;", "for(i = 0; i < 10; i++)", "printIntLine(buffer[i]);", "printLine(\"ERROR: Array index is out-of-bounds\");", "break;"]}]