[{"CWE-ID": "CWE-121", "criterion": "fgets", "line": 36, "slices": ["/* bad function declaration */", "void CWE121_Stack_Based_Buffer_Overflow__CWE129_fgets_66_bad()", "int dataArray[5];", "data = -1;", "{", "char inputBuffer[CHAR_ARRAY_SIZE] = \"\";", "/* POTENTIAL FLAW: Read data from the console using fgets() */", "if (fgets(inputBuffer, CHAR_ARRAY_SIZE, stdin) != NULL)", "{", "data = atoi(inputBuffer);", "printLine(\"fgets() failed.\");", "}", "dataArray[2] = data;", "CWE121_Stack_Based_Buffer_Overflow__CWE129_fgets_66b_badSink(dataArray);"]}, {"CWE-ID": "CWE-121", "criterion": "atoi", "line": 86, "slices": ["static void goodB2G()", "int dataArray[5];", "data = -1;", "char inputBuffer[CHAR_ARRAY_SIZE] = \"\";", "if (fgets(inputBuffer, CHAR_ARRAY_SIZE, stdin) != NULL)", "{", "data = atoi(inputBuffer);", "else", "printLine(\"fgets() failed.\");", "}", "dataArray[2] = data;", "CWE121_Stack_Based_Buffer_Overflow__CWE129_fgets_66b_goodB2GSink(dataArray);", "void CWE121_Stack_Based_Buffer_Overflow__CWE129_fgets_66_good()", "goodG2B();", "goodB2G();"]}, {"CWE-ID": "CWE-121", "criterion": "atoi", "line": 39, "slices": ["/* bad function declaration */", "void CWE121_Stack_Based_Buffer_Overflow__CWE129_fgets_66_bad()", "int dataArray[5];", "data = -1;", "{", "char inputBuffer[CHAR_ARRAY_SIZE] = \"\";", "/* POTENTIAL FLAW: Read data from the console using fgets() */", "if (fgets(inputBuffer, CHAR_ARRAY_SIZE, stdin) != NULL)", "{", "data = atoi(inputBuffer);", "printLine(\"fgets() failed.\");", "}", "dataArray[2] = data;", "CWE121_Stack_Based_Buffer_Overflow__CWE129_fgets_66b_badSink(dataArray);"]}, {"CWE-ID": "CWE-121", "criterion": "fgets", "line": 83, "slices": ["static void goodB2G()", "int dataArray[5];", "data = -1;", "char inputBuffer[CHAR_ARRAY_SIZE] = \"\";", "if (fgets(inputBuffer, CHAR_ARRAY_SIZE, stdin) != NULL)", "{", "data = atoi(inputBuffer);", "else", "printLine(\"fgets() failed.\");", "}", "dataArray[2] = data;", "CWE121_Stack_Based_Buffer_Overflow__CWE129_fgets_66b_goodB2GSink(dataArray);", "void CWE121_Stack_Based_Buffer_Overflow__CWE129_fgets_66_good()", "goodG2B();", "goodB2G();"]}]