[{"CWE-ID": "CWE-121", "criterion": "atoi", "line": 64, "slices": ["void CWE121_Stack_Based_Buffer_Overflow__CWE129_fgets_21_bad()", "data = -1;", "char inputBuffer[CHAR_ARRAY_SIZE] = \"\";", "if (fgets(inputBuffer, CHAR_ARRAY_SIZE, stdin) != NULL)", "data = atoi(inputBuffer);", "printLine(\"fgets() failed.\");", "badStatic = 1; /* true */", "badSink(data);"]}, {"CWE-ID": "CWE-121", "criterion": "atoi", "line": 126, "slices": ["static void goodB2G1()", "data = -1;", "char inputBuffer[CHAR_ARRAY_SIZE] = \"\";", "if (fgets(inputBuffer, CHAR_ARRAY_SIZE, stdin) != NULL)", "data = atoi(inputBuffer);", "printLine(\"fgets() failed.\");", "goodB2G1Static = 0; /* false */", "goodB2G1Sink(data);"]}, {"CWE-ID": "CWE-121", "criterion": "fgets", "line": 171, "slices": ["static void goodB2G2()", "data = -1;", "char inputBuffer[CHAR_ARRAY_SIZE] = \"\";", "if (fgets(inputBuffer, CHAR_ARRAY_SIZE, stdin) != NULL)", "data = atoi(inputBuffer);", "printLine(\"fgets() failed.\");", "goodB2G2Static = 1; /* true */", "goodB2G2Sink(data);"]}, {"CWE-ID": "CWE-121", "criterion": "fgets", "line": 123, "slices": ["static void goodB2G1()", "data = -1;", "char inputBuffer[CHAR_ARRAY_SIZE] = \"\";", "if (fgets(inputBuffer, CHAR_ARRAY_SIZE, stdin) != NULL)", "data = atoi(inputBuffer);", "printLine(\"fgets() failed.\");", "goodB2G1Static = 0; /* false */", "goodB2G1Sink(data);"]}, {"CWE-ID": "CWE-121", "criterion": "atoi", "line": 174, "slices": ["static void goodB2G2()", "data = -1;", "char inputBuffer[CHAR_ARRAY_SIZE] = \"\";", "if (fgets(inputBuffer, CHAR_ARRAY_SIZE, stdin) != NULL)", "data = atoi(inputBuffer);", "printLine(\"fgets() failed.\");", "goodB2G2Static = 1; /* true */", "goodB2G2Sink(data);"]}, {"CWE-ID": "CWE-121", "criterion": "fgets", "line": 61, "slices": ["void CWE121_Stack_Based_Buffer_Overflow__CWE129_fgets_21_bad()", "data = -1;", "char inputBuffer[CHAR_ARRAY_SIZE] = \"\";", "if (fgets(inputBuffer, CHAR_ARRAY_SIZE, stdin) != NULL)", "data = atoi(inputBuffer);", "printLine(\"fgets() failed.\");", "badStatic = 1; /* true */", "badSink(data);"]}]