[{"CWE-ID": "CWE-121", "criterion": "atoi", "line": 39, "slices": ["void bad()", "data = -1;", "char inputBuffer[CHAR_ARRAY_SIZE] = \"\";", "if (fgets(inputBuffer, CHAR_ARRAY_SIZE, stdin) != NULL)", "data = atoi(inputBuffer);", "printLine(\"fgets() failed.\");", "const CWE121_Stack_Based_Buffer_Overflow__CWE129_fgets_81_base& baseObject = CWE121_Stack_Based_Buffer_Overflow__CWE129_fgets_81_bad();", "baseObject.action(data);"]}, {"CWE-ID": "CWE-121", "criterion": "atoi", "line": 79, "slices": ["static void goodB2G()", "data = -1;", "char inputBuffer[CHAR_ARRAY_SIZE] = \"\";", "if (fgets(inputBuffer, CHAR_ARRAY_SIZE, stdin) != NULL)", "data = atoi(inputBuffer);", "printLine(\"fgets() failed.\");", "const CWE121_Stack_Based_Buffer_Overflow__CWE129_fgets_81_base& baseObject = CWE121_Stack_Based_Buffer_Overflow__CWE129_fgets_81_goodB2G();", "baseObject.action(data);"]}, {"CWE-ID": "CWE-121", "criterion": "fgets", "line": 36, "slices": ["void bad()", "data = -1;", "char inputBuffer[CHAR_ARRAY_SIZE] = \"\";", "if (fgets(inputBuffer, CHAR_ARRAY_SIZE, stdin) != NULL)", "data = atoi(inputBuffer);", "printLine(\"fgets() failed.\");", "const CWE121_Stack_Based_Buffer_Overflow__CWE129_fgets_81_base& baseObject = CWE121_Stack_Based_Buffer_Overflow__CWE129_fgets_81_bad();", "baseObject.action(data);"]}, {"CWE-ID": "CWE-121", "criterion": "fgets", "line": 76, "slices": ["static void goodB2G()", "data = -1;", "char inputBuffer[CHAR_ARRAY_SIZE] = \"\";", "if (fgets(inputBuffer, CHAR_ARRAY_SIZE, stdin) != NULL)", "data = atoi(inputBuffer);", "printLine(\"fgets() failed.\");", "const CWE121_Stack_Based_Buffer_Overflow__CWE129_fgets_81_base& baseObject = CWE121_Stack_Based_Buffer_Overflow__CWE129_fgets_81_goodB2G();", "baseObject.action(data);"]}]