[{"CWE-ID": "CWE-121", "criterion": "atoi", "line": 65, "slices": ["#ifndef OMITGOOD", "void goodG2BSource(int &data);", "static void goodG2B()", "/* Initialize data */", "data = -1;", "goodG2BSource(data);", "int i;", "int buffer[10] = { 0 };", "if (data >= 0)", "buffer[data] = 1;", "for(i = 0; i < 10; i++)", "printIntLine(buffer[i]);", "printLine(\"ERROR: Array index is negative.\");"]}, {"CWE-ID": "CWE-121", "criterion": "atoi", "line": 35, "slices": ["", "void bad()", "int data;", "data = -1;", "badSource(data);", "int i;", "int buffer[10] = { 0 };", "if (data >= 0)", "buffer[data] = 1;", "for(i = 0; i < 10; i++)", "printIntLine(buffer[i]);", "printLine(\"ERROR: Array index is negative.\");"]}, {"CWE-ID": "CWE-121", "criterion": "fgets", "line": 62, "slices": ["#ifndef OMITGOOD", "void goodG2BSource(int &data);", "static void goodG2B()", "/* Initialize data */", "data = -1;", "goodG2BSource(data);", "int i;", "int buffer[10] = { 0 };", "if (data >= 0)", "buffer[data] = 1;", "for(i = 0; i < 10; i++)", "printIntLine(buffer[i]);", "printLine(\"ERROR: Array index is negative.\");"]}, {"CWE-ID": "CWE-121", "criterion": "fgets", "line": 32, "slices": ["", "void bad()", "int data;", "data = -1;", "badSource(data);", "int i;", "int buffer[10] = { 0 };", "if (data >= 0)", "buffer[data] = 1;", "for(i = 0; i < 10; i++)", "printIntLine(buffer[i]);", "printLine(\"ERROR: Array index is negative.\");"]}]