[{"CWE-ID": "CWE-121", "criterion": "fgets", "line": 35, "slices": ["void CWE121_Stack_Based_Buffer_Overflow__CWE129_fgets_17_bad()", "data = -1;", "for(i = 0; i < 1; i++)", "char inputBuffer[CHAR_ARRAY_SIZE] = \"\";", "if (fgets(inputBuffer, CHAR_ARRAY_SIZE, stdin) != NULL)", "data = atoi(inputBuffer);", "printLine(\"fgets() failed.\");", "for(j = 0; j < 1; j++)", "int buffer[10] = { 0 };", "if (data >= 0)", "buffer[data] = 1;", "for(i = 0; i < 10; i++)", "printIntLine(buffer[i]);", "printLine(\"ERROR: Array index is negative.\");"]}, {"CWE-ID": "CWE-121", "criterion": "fgets", "line": 86, "slices": ["static void goodB2G()", "data = -1;", "for(i = 0; i < 1; i++)", "char inputBuffer[CHAR_ARRAY_SIZE] = \"\";", "if (fgets(inputBuffer, CHAR_ARRAY_SIZE, stdin) != NULL)", "data = atoi(inputBuffer);", "printLine(\"fgets() failed.\");", "for(k = 0; k < 1; k++)", "int buffer[10] = { 0 };", "if (data >= 0 && data < (10))", "buffer[data] = 1;", "for(i = 0; i < 10; i++)", "printIntLine(buffer[i]);", "printLine(\"ERROR: Array index is out-of-bounds\");"]}, {"CWE-ID": "CWE-121", "criterion": "atoi", "line": 89, "slices": ["static void goodB2G()", "data = -1;", "for(i = 0; i < 1; i++)", "char inputBuffer[CHAR_ARRAY_SIZE] = \"\";", "if (fgets(inputBuffer, CHAR_ARRAY_SIZE, stdin) != NULL)", "data = atoi(inputBuffer);", "printLine(\"fgets() failed.\");", "for(k = 0; k < 1; k++)", "int buffer[10] = { 0 };", "if (data >= 0 && data < (10))", "buffer[data] = 1;", "for(i = 0; i < 10; i++)", "printIntLine(buffer[i]);", "printLine(\"ERROR: Array index is out-of-bounds\");"]}, {"CWE-ID": "CWE-121", "criterion": "atoi", "line": 38, "slices": ["void CWE121_Stack_Based_Buffer_Overflow__CWE129_fgets_17_bad()", "data = -1;", "for(i = 0; i < 1; i++)", "char inputBuffer[CHAR_ARRAY_SIZE] = \"\";", "if (fgets(inputBuffer, CHAR_ARRAY_SIZE, stdin) != NULL)", "data = atoi(inputBuffer);", "printLine(\"fgets() failed.\");", "for(j = 0; j < 1; j++)", "int buffer[10] = { 0 };", "if (data >= 0)", "buffer[data] = 1;", "for(i = 0; i < 10; i++)", "printIntLine(buffer[i]);", "printLine(\"ERROR: Array index is negative.\");"]}]