[{"CWE-ID": "CWE-121", "criterion": "atoi", "line": 63, "slices": ["void CWE121_Stack_Based_Buffer_Overflow__CWE129_fgets_45_bad()", "data = -1;", "char inputBuffer[CHAR_ARRAY_SIZE] = \"\";", "if (fgets(inputBuffer, CHAR_ARRAY_SIZE, stdin) != NULL)", "data = atoi(inputBuffer);", "printLine(\"fgets() failed.\");", "CWE121_Stack_Based_Buffer_Overflow__CWE129_fgets_45_badData = data;", "badSink();"]}, {"CWE-ID": "CWE-121", "criterion": "fgets", "line": 147, "slices": ["static void goodB2G()", "data = -1;", "char inputBuffer[CHAR_ARRAY_SIZE] = \"\";", "if (fgets(inputBuffer, CHAR_ARRAY_SIZE, stdin) != NULL)", "data = atoi(inputBuffer);", "printLine(\"fgets() failed.\");", "CWE121_Stack_Based_Buffer_Overflow__CWE129_fgets_45_goodB2GData = data;", "goodB2GSink();"]}, {"CWE-ID": "CWE-121", "criterion": "atoi", "line": 150, "slices": ["static void goodB2G()", "data = -1;", "char inputBuffer[CHAR_ARRAY_SIZE] = \"\";", "if (fgets(inputBuffer, CHAR_ARRAY_SIZE, stdin) != NULL)", "data = atoi(inputBuffer);", "printLine(\"fgets() failed.\");", "CWE121_Stack_Based_Buffer_Overflow__CWE129_fgets_45_goodB2GData = data;", "goodB2GSink();"]}, {"CWE-ID": "CWE-121", "criterion": "fgets", "line": 60, "slices": ["void CWE121_Stack_Based_Buffer_Overflow__CWE129_fgets_45_bad()", "data = -1;", "char inputBuffer[CHAR_ARRAY_SIZE] = \"\";", "if (fgets(inputBuffer, CHAR_ARRAY_SIZE, stdin) != NULL)", "data = atoi(inputBuffer);", "printLine(\"fgets() failed.\");", "CWE121_Stack_Based_Buffer_Overflow__CWE129_fgets_45_badData = data;", "badSink();"]}]