[{"CWE-ID": "CWE-121", "criterion": "fgets", "line": 35, "slices": ["void CWE121_Stack_Based_Buffer_Overflow__CWE129_fgets_15_bad()", "data = -1;", "switch(6)", "case 6:", "char inputBuffer[CHAR_ARRAY_SIZE] = \"\";", "if (fgets(inputBuffer, CHAR_ARRAY_SIZE, stdin) != NULL)", "data = atoi(inputBuffer);", "printLine(\"fgets() failed.\");", "break;", "default:", "printLine(\"Benign, fixed string\");", "break;", "switch(7)", "case 7:", "int buffer[10] = { 0 };", "if (data >= 0)", "buffer[data] = 1;", "for(i = 0; i < 10; i++)", "printIntLine(buffer[i]);", "printLine(\"ERROR: Array index is negative.\");", "break;", "default:", "printLine(\"Benign, fixed string\");", "break;"]}, {"CWE-ID": "CWE-121", "criterion": "fgets", "line": 97, "slices": ["static void goodB2G1()", "data = -1;", "switch(6)", "case 6:", "char inputBuffer[CHAR_ARRAY_SIZE] = \"\";", "if (fgets(inputBuffer, CHAR_ARRAY_SIZE, stdin) != NULL)", "data = atoi(inputBuffer);", "printLine(\"fgets() failed.\");", "break;", "default:", "printLine(\"Benign, fixed string\");", "break;", "switch(8)", "case 7:", "printLine(\"Benign, fixed string\");", "break;", "default:", "int buffer[10] = { 0 };", "if (data >= 0 && data < (10))", "buffer[data] = 1;", "for(i = 0; i < 10; i++)", "printIntLine(buffer[i]);", "printLine(\"ERROR: Array index is out-of-bounds\");", "break;"]}, {"CWE-ID": "CWE-121", "criterion": "fgets", "line": 154, "slices": ["static void goodB2G2()", "data = -1;", "switch(6)", "case 6:", "char inputBuffer[CHAR_ARRAY_SIZE] = \"\";", "if (fgets(inputBuffer, CHAR_ARRAY_SIZE, stdin) != NULL)", "data = atoi(inputBuffer);", "printLine(\"fgets() failed.\");", "break;", "default:", "printLine(\"Benign, fixed string\");", "break;", "switch(7)", "case 7:", "int buffer[10] = { 0 };", "if (data >= 0 && data < (10))", "buffer[data] = 1;", "for(i = 0; i < 10; i++)", "printIntLine(buffer[i]);", "printLine(\"ERROR: Array index is out-of-bounds\");", "break;", "default:", "printLine(\"Benign, fixed string\");", "break;"]}, {"CWE-ID": "CWE-121", "criterion": "atoi", "line": 100, "slices": ["static void goodB2G1()", "data = -1;", "switch(6)", "case 6:", "char inputBuffer[CHAR_ARRAY_SIZE] = \"\";", "if (fgets(inputBuffer, CHAR_ARRAY_SIZE, stdin) != NULL)", "data = atoi(inputBuffer);", "printLine(\"fgets() failed.\");", "break;", "default:", "printLine(\"Benign, fixed string\");", "break;", "switch(8)", "case 7:", "printLine(\"Benign, fixed string\");", "break;", "default:", "int buffer[10] = { 0 };", "if (data >= 0 && data < (10))", "buffer[data] = 1;", "for(i = 0; i < 10; i++)", "printIntLine(buffer[i]);", "printLine(\"ERROR: Array index is out-of-bounds\");", "break;"]}, {"CWE-ID": "CWE-121", "criterion": "atoi", "line": 157, "slices": ["static void goodB2G2()", "data = -1;", "switch(6)", "case 6:", "char inputBuffer[CHAR_ARRAY_SIZE] = \"\";", "if (fgets(inputBuffer, CHAR_ARRAY_SIZE, stdin) != NULL)", "data = atoi(inputBuffer);", "printLine(\"fgets() failed.\");", "break;", "default:", "printLine(\"Benign, fixed string\");", "break;", "switch(7)", "case 7:", "int buffer[10] = { 0 };", "if (data >= 0 && data < (10))", "buffer[data] = 1;", "for(i = 0; i < 10; i++)", "printIntLine(buffer[i]);", "printLine(\"ERROR: Array index is out-of-bounds\");", "break;", "default:", "printLine(\"Benign, fixed string\");", "break;"]}, {"CWE-ID": "CWE-121", "criterion": "atoi", "line": 38, "slices": ["void CWE121_Stack_Based_Buffer_Overflow__CWE129_fgets_15_bad()", "data = -1;", "switch(6)", "case 6:", "char inputBuffer[CHAR_ARRAY_SIZE] = \"\";", "if (fgets(inputBuffer, CHAR_ARRAY_SIZE, stdin) != NULL)", "data = atoi(inputBuffer);", "printLine(\"fgets() failed.\");", "break;", "default:", "printLine(\"Benign, fixed string\");", "break;", "switch(7)", "case 7:", "int buffer[10] = { 0 };", "if (data >= 0)", "buffer[data] = 1;", "for(i = 0; i < 10; i++)", "printIntLine(buffer[i]);", "printLine(\"ERROR: Array index is negative.\");", "break;", "default:", "printLine(\"Benign, fixed string\");", "break;"]}]