[{"CWE-ID": "CWE-121", "criterion": "fgets", "line": 83, "slices": ["static void goodB2G()", "data = -1;", "char inputBuffer[CHAR_ARRAY_SIZE] = \"\";", "if (fgets(inputBuffer, CHAR_ARRAY_SIZE, stdin) != NULL)", "data = atoi(inputBuffer);", "printLine(\"fgets() failed.\");", "CWE121_Stack_Based_Buffer_Overflow__CWE129_fgets_68_goodB2GData = data;", "CWE121_Stack_Based_Buffer_Overflow__CWE129_fgets_68b_goodB2GSink();"]}, {"CWE-ID": "CWE-121", "criterion": "fgets", "line": 39, "slices": ["void CWE121_Stack_Based_Buffer_Overflow__CWE129_fgets_68_bad()", "data = -1;", "char inputBuffer[CHAR_ARRAY_SIZE] = \"\";", "if (fgets(inputBuffer, CHAR_ARRAY_SIZE, stdin) != NULL)", "data = atoi(inputBuffer);", "printLine(\"fgets() failed.\");", "CWE121_Stack_Based_Buffer_Overflow__CWE129_fgets_68_badData = data;", "CWE121_Stack_Based_Buffer_Overflow__CWE129_fgets_68b_badSink();"]}, {"CWE-ID": "CWE-121", "criterion": "atoi", "line": 86, "slices": ["static void goodB2G()", "data = -1;", "char inputBuffer[CHAR_ARRAY_SIZE] = \"\";", "if (fgets(inputBuffer, CHAR_ARRAY_SIZE, stdin) != NULL)", "data = atoi(inputBuffer);", "printLine(\"fgets() failed.\");", "CWE121_Stack_Based_Buffer_Overflow__CWE129_fgets_68_goodB2GData = data;", "CWE121_Stack_Based_Buffer_Overflow__CWE129_fgets_68b_goodB2GSink();"]}, {"CWE-ID": "CWE-121", "criterion": "atoi", "line": 42, "slices": ["void CWE121_Stack_Based_Buffer_Overflow__CWE129_fgets_68_bad()", "data = -1;", "char inputBuffer[CHAR_ARRAY_SIZE] = \"\";", "if (fgets(inputBuffer, CHAR_ARRAY_SIZE, stdin) != NULL)", "data = atoi(inputBuffer);", "printLine(\"fgets() failed.\");", "CWE121_Stack_Based_Buffer_Overflow__CWE129_fgets_68_badData = data;", "CWE121_Stack_Based_Buffer_Overflow__CWE129_fgets_68b_badSink();"]}]