[{"CWE-ID": "CWE-121", "criterion": "atoi", "line": 40, "slices": ["/* bad function declaration */", "void CWE121_Stack_Based_Buffer_Overflow__CWE129_fgets_65_bad()", "{", "void (*funcPtr) (int) = CWE121_Stack_Based_Buffer_Overflow__CWE129_fgets_65b_badSink;", "data = -1;", "char inputBuffer[CHAR_ARRAY_SIZE] = \"\";", "if (fgets(inputBuffer, CHAR_ARRAY_SIZE, stdin) != NULL)", "data = atoi(inputBuffer);", "else", "printLine(\"fgets() failed.\");", "funcPtr(data);"]}, {"CWE-ID": "CWE-121", "criterion": "fgets", "line": 37, "slices": ["/* bad function declaration */", "void CWE121_Stack_Based_Buffer_Overflow__CWE129_fgets_65_bad()", "{", "void (*funcPtr) (int) = CWE121_Stack_Based_Buffer_Overflow__CWE129_fgets_65b_badSink;", "data = -1;", "char inputBuffer[CHAR_ARRAY_SIZE] = \"\";", "if (fgets(inputBuffer, CHAR_ARRAY_SIZE, stdin) != NULL)", "data = atoi(inputBuffer);", "else", "printLine(\"fgets() failed.\");", "funcPtr(data);"]}, {"CWE-ID": "CWE-121", "criterion": "atoi", "line": 85, "slices": ["static void goodB2G()", "void (*funcPtr) (int) = CWE121_Stack_Based_Buffer_Overflow__CWE129_fgets_65b_goodB2GSink;", "data = -1;", "char inputBuffer[CHAR_ARRAY_SIZE] = \"\";", "if (fgets(inputBuffer, CHAR_ARRAY_SIZE, stdin) != NULL)", "/* Convert to int */", "data = atoi(inputBuffer);", "}", "{", "printLine(\"fgets() failed.\");", "funcPtr(data);", "}"]}, {"CWE-ID": "CWE-121", "criterion": "fgets", "line": 82, "slices": ["static void goodB2G()", "void (*funcPtr) (int) = CWE121_Stack_Based_Buffer_Overflow__CWE129_fgets_65b_goodB2GSink;", "data = -1;", "char inputBuffer[CHAR_ARRAY_SIZE] = \"\";", "if (fgets(inputBuffer, CHAR_ARRAY_SIZE, stdin) != NULL)", "/* Convert to int */", "data = atoi(inputBuffer);", "}", "{", "printLine(\"fgets() failed.\");", "funcPtr(data);", "}"]}]