[{"CWE-ID": "CWE-121", "criterion": "atoi", "line": 132, "slices": ["static void goodB2G()", "data = -1;", "if(globalReturnsTrueOrFalse())", "char inputBuffer[CHAR_ARRAY_SIZE] = \"\";", "if (fgets(inputBuffer, CHAR_ARRAY_SIZE, stdin) != NULL)", "data = atoi(inputBuffer);", "printLine(\"fgets() failed.\");", "char inputBuffer[CHAR_ARRAY_SIZE] = \"\";", "if (fgets(inputBuffer, CHAR_ARRAY_SIZE, stdin) != NULL)", "data = atoi(inputBuffer);", "printLine(\"fgets() failed.\");", "if(globalReturnsTrueOrFalse())", "int buffer[10] = { 0 };", "if (data >= 0 && data < (10))", "buffer[data] = 1;", "for(i = 0; i < 10; i++)", "printIntLine(buffer[i]);", "printLine(\"ERROR: Array index is out-of-bounds\");", "int buffer[10] = { 0 };", "if (data >= 0 && data < (10))", "buffer[data] = 1;", "for(i = 0; i < 10; i++)", "printIntLine(buffer[i]);", "printLine(\"ERROR: Array index is out-of-bounds\");"]}, {"CWE-ID": "CWE-121", "criterion": "fgets", "line": 129, "slices": ["static void goodB2G()", "data = -1;", "if(globalReturnsTrueOrFalse())", "char inputBuffer[CHAR_ARRAY_SIZE] = \"\";", "if (fgets(inputBuffer, CHAR_ARRAY_SIZE, stdin) != NULL)", "data = atoi(inputBuffer);", "printLine(\"fgets() failed.\");", "char inputBuffer[CHAR_ARRAY_SIZE] = \"\";", "if (fgets(inputBuffer, CHAR_ARRAY_SIZE, stdin) != NULL)", "data = atoi(inputBuffer);", "printLine(\"fgets() failed.\");", "if(globalReturnsTrueOrFalse())", "int buffer[10] = { 0 };", "if (data >= 0 && data < (10))", "buffer[data] = 1;", "for(i = 0; i < 10; i++)", "printIntLine(buffer[i]);", "printLine(\"ERROR: Array index is out-of-bounds\");", "int buffer[10] = { 0 };", "if (data >= 0 && data < (10))", "buffer[data] = 1;", "for(i = 0; i < 10; i++)", "printIntLine(buffer[i]);", "printLine(\"ERROR: Array index is out-of-bounds\");"]}, {"CWE-ID": "CWE-121", "criterion": "fgets", "line": 113, "slices": ["static void goodB2G()", "data = -1;", "if(globalReturnsTrueOrFalse())", "char inputBuffer[CHAR_ARRAY_SIZE] = \"\";", "if (fgets(inputBuffer, CHAR_ARRAY_SIZE, stdin) != NULL)", "data = atoi(inputBuffer);", "printLine(\"fgets() failed.\");", "char inputBuffer[CHAR_ARRAY_SIZE] = \"\";", "if (fgets(inputBuffer, CHAR_ARRAY_SIZE, stdin) != NULL)", "data = atoi(inputBuffer);", "printLine(\"fgets() failed.\");", "if(globalReturnsTrueOrFalse())", "int buffer[10] = { 0 };", "if (data >= 0 && data < (10))", "buffer[data] = 1;", "for(i = 0; i < 10; i++)", "printIntLine(buffer[i]);", "printLine(\"ERROR: Array index is out-of-bounds\");", "int buffer[10] = { 0 };", "if (data >= 0 && data < (10))", "buffer[data] = 1;", "for(i = 0; i < 10; i++)", "printIntLine(buffer[i]);", "printLine(\"ERROR: Array index is out-of-bounds\");"]}, {"CWE-ID": "CWE-121", "criterion": "atoi", "line": 37, "slices": ["void CWE121_Stack_Based_Buffer_Overflow__CWE129_fgets_12_bad()", "data = -1;", "if(globalReturnsTrueOrFalse())", "char inputBuffer[CHAR_ARRAY_SIZE] = \"\";", "if (fgets(inputBuffer, CHAR_ARRAY_SIZE, stdin) != NULL)", "data = atoi(inputBuffer);", "printLine(\"fgets() failed.\");", "data = 7;", "if(globalReturnsTrueOrFalse())", "int buffer[10] = { 0 };", "if (data >= 0)", "buffer[data] = 1;", "for(i = 0; i < 10; i++)", "printIntLine(buffer[i]);", "printLine(\"ERROR: Array index is negative.\");", "int buffer[10] = { 0 };", "if (data >= 0 && data < (10))", "buffer[data] = 1;", "for(i = 0; i < 10; i++)", "printIntLine(buffer[i]);", "printLine(\"ERROR: Array index is out-of-bounds\");"]}, {"CWE-ID": "CWE-121", "criterion": "fgets", "line": 34, "slices": ["void CWE121_Stack_Based_Buffer_Overflow__CWE129_fgets_12_bad()", "data = -1;", "if(globalReturnsTrueOrFalse())", "char inputBuffer[CHAR_ARRAY_SIZE] = \"\";", "if (fgets(inputBuffer, CHAR_ARRAY_SIZE, stdin) != NULL)", "data = atoi(inputBuffer);", "printLine(\"fgets() failed.\");", "data = 7;", "if(globalReturnsTrueOrFalse())", "int buffer[10] = { 0 };", "if (data >= 0)", "buffer[data] = 1;", "for(i = 0; i < 10; i++)", "printIntLine(buffer[i]);", "printLine(\"ERROR: Array index is negative.\");", "int buffer[10] = { 0 };", "if (data >= 0 && data < (10))", "buffer[data] = 1;", "for(i = 0; i < 10; i++)", "printIntLine(buffer[i]);", "printLine(\"ERROR: Array index is out-of-bounds\");"]}, {"CWE-ID": "CWE-121", "criterion": "atoi", "line": 116, "slices": ["static void goodB2G()", "data = -1;", "if(globalReturnsTrueOrFalse())", "char inputBuffer[CHAR_ARRAY_SIZE] = \"\";", "if (fgets(inputBuffer, CHAR_ARRAY_SIZE, stdin) != NULL)", "data = atoi(inputBuffer);", "printLine(\"fgets() failed.\");", "char inputBuffer[CHAR_ARRAY_SIZE] = \"\";", "if (fgets(inputBuffer, CHAR_ARRAY_SIZE, stdin) != NULL)", "data = atoi(inputBuffer);", "printLine(\"fgets() failed.\");", "if(globalReturnsTrueOrFalse())", "int buffer[10] = { 0 };", "if (data >= 0 && data < (10))", "buffer[data] = 1;", "for(i = 0; i < 10; i++)", "printIntLine(buffer[i]);", "printLine(\"ERROR: Array index is out-of-bounds\");", "int buffer[10] = { 0 };", "if (data >= 0 && data < (10))", "buffer[data] = 1;", "for(i = 0; i < 10; i++)", "printIntLine(buffer[i]);", "printLine(\"ERROR: Array index is out-of-bounds\");"]}]