[{"CWE-ID": "CWE-121", "criterion": "atoi", "line": 81, "slices": ["static void goodB2G()", "data = -1;", "char inputBuffer[CHAR_ARRAY_SIZE] = \"\";", "if (fgets(inputBuffer, CHAR_ARRAY_SIZE, stdin) != NULL)", "data = atoi(inputBuffer);", "printLine(\"fgets() failed.\");", "CWE121_Stack_Based_Buffer_Overflow__CWE129_fgets_82_base* baseObject = new CWE121_Stack_Based_Buffer_Overflow__CWE129_fgets_82_goodB2G;", "baseObject->action(data);", "delete baseObject;"]}, {"CWE-ID": "CWE-121", "criterion": "atoi", "line": 39, "slices": ["void bad()", "data = -1;", "char inputBuffer[CHAR_ARRAY_SIZE] = \"\";", "if (fgets(inputBuffer, CHAR_ARRAY_SIZE, stdin) != NULL)", "data = atoi(inputBuffer);", "printLine(\"fgets() failed.\");", "CWE121_Stack_Based_Buffer_Overflow__CWE129_fgets_82_base* baseObject = new CWE121_Stack_Based_Buffer_Overflow__CWE129_fgets_82_bad;", "baseObject->action(data);", "delete baseObject;"]}, {"CWE-ID": "CWE-121", "criterion": "fgets", "line": 36, "slices": ["void bad()", "data = -1;", "char inputBuffer[CHAR_ARRAY_SIZE] = \"\";", "if (fgets(inputBuffer, CHAR_ARRAY_SIZE, stdin) != NULL)", "data = atoi(inputBuffer);", "printLine(\"fgets() failed.\");", "CWE121_Stack_Based_Buffer_Overflow__CWE129_fgets_82_base* baseObject = new CWE121_Stack_Based_Buffer_Overflow__CWE129_fgets_82_bad;", "baseObject->action(data);", "delete baseObject;"]}, {"CWE-ID": "CWE-121", "criterion": "fgets", "line": 78, "slices": ["static void goodB2G()", "data = -1;", "char inputBuffer[CHAR_ARRAY_SIZE] = \"\";", "if (fgets(inputBuffer, CHAR_ARRAY_SIZE, stdin) != NULL)", "data = atoi(inputBuffer);", "printLine(\"fgets() failed.\");", "CWE121_Stack_Based_Buffer_Overflow__CWE129_fgets_82_base* baseObject = new CWE121_Stack_Based_Buffer_Overflow__CWE129_fgets_82_goodB2G;", "baseObject->action(data);", "delete baseObject;"]}]