[{"CWE-ID": "CWE-121", "criterion": "fgets", "line": 32, "slices": ["static void badSource(int &data)", "char inputBuffer[CHAR_ARRAY_SIZE] = \"\";", "if (fgets(inputBuffer, CHAR_ARRAY_SIZE, stdin) != NULL)", "data = atoi(inputBuffer);", "printLine(\"fgets() failed.\");"]}, {"CWE-ID": "CWE-121", "criterion": "atoi", "line": 119, "slices": ["static void goodB2GSource(int &data)", "char inputBuffer[CHAR_ARRAY_SIZE] = \"\";", "if (fgets(inputBuffer, CHAR_ARRAY_SIZE, stdin) != NULL)", "data = atoi(inputBuffer);", "printLine(\"fgets() failed.\");"]}, {"CWE-ID": "CWE-121", "criterion": "atoi", "line": 35, "slices": ["static void badSource(int &data)", "char inputBuffer[CHAR_ARRAY_SIZE] = \"\";", "if (fgets(inputBuffer, CHAR_ARRAY_SIZE, stdin) != NULL)", "data = atoi(inputBuffer);", "printLine(\"fgets() failed.\");"]}, {"CWE-ID": "CWE-121", "criterion": "fgets", "line": 116, "slices": ["static void goodB2GSource(int &data)", "char inputBuffer[CHAR_ARRAY_SIZE] = \"\";", "if (fgets(inputBuffer, CHAR_ARRAY_SIZE, stdin) != NULL)", "data = atoi(inputBuffer);", "printLine(\"fgets() failed.\");"]}]