[{"CWE-ID": "CWE-121", "criterion": "fgets", "line": 41, "slices": ["void CWE121_Stack_Based_Buffer_Overflow__CWE129_fgets_67_bad()", "data = -1;", "char inputBuffer[CHAR_ARRAY_SIZE] = \"\";", "if (fgets(inputBuffer, CHAR_ARRAY_SIZE, stdin) != NULL)", "data = atoi(inputBuffer);", "printLine(\"fgets() failed.\");", "myStruct.structFirst = data;", "CWE121_Stack_Based_Buffer_Overflow__CWE129_fgets_67b_badSink(myStruct);"]}, {"CWE-ID": "CWE-121", "criterion": "atoi", "line": 90, "slices": ["static void goodB2G()", "data = -1;", "char inputBuffer[CHAR_ARRAY_SIZE] = \"\";", "if (fgets(inputBuffer, CHAR_ARRAY_SIZE, stdin) != NULL)", "data = atoi(inputBuffer);", "printLine(\"fgets() failed.\");", "myStruct.structFirst = data;", "CWE121_Stack_Based_Buffer_Overflow__CWE129_fgets_67b_goodB2GSink(myStruct);"]}, {"CWE-ID": "CWE-121", "criterion": "atoi", "line": 44, "slices": ["void CWE121_Stack_Based_Buffer_Overflow__CWE129_fgets_67_bad()", "data = -1;", "char inputBuffer[CHAR_ARRAY_SIZE] = \"\";", "if (fgets(inputBuffer, CHAR_ARRAY_SIZE, stdin) != NULL)", "data = atoi(inputBuffer);", "printLine(\"fgets() failed.\");", "myStruct.structFirst = data;", "CWE121_Stack_Based_Buffer_Overflow__CWE129_fgets_67b_badSink(myStruct);"]}, {"CWE-ID": "CWE-121", "criterion": "fgets", "line": 87, "slices": ["static void goodB2G()", "data = -1;", "char inputBuffer[CHAR_ARRAY_SIZE] = \"\";", "if (fgets(inputBuffer, CHAR_ARRAY_SIZE, stdin) != NULL)", "data = atoi(inputBuffer);", "printLine(\"fgets() failed.\");", "myStruct.structFirst = data;", "CWE121_Stack_Based_Buffer_Overflow__CWE129_fgets_67b_goodB2GSink(myStruct);"]}]