[{"CWE-ID": "CWE-121", "criterion": "fgets", "line": 36, "slices": ["void CWE121_Stack_Based_Buffer_Overflow__CWE129_fgets_32_bad()", "int *dataPtr1 = &data;", "int *dataPtr2 = &data;", "data = -1;", "int data = *dataPtr1;", "char inputBuffer[CHAR_ARRAY_SIZE] = \"\";", "if (fgets(inputBuffer, CHAR_ARRAY_SIZE, stdin) != NULL)", "data = atoi(inputBuffer);", "printLine(\"fgets() failed.\");", "*dataPtr1 = data;", "int data = *dataPtr2;", "int buffer[10] = { 0 };", "if (data >= 0)", "buffer[data] = 1;", "for(i = 0; i < 10; i++)", "printIntLine(buffer[i]);", "printLine(\"ERROR: Array index is negative.\");"]}, {"CWE-ID": "CWE-121", "criterion": "atoi", "line": 131, "slices": ["static void goodB2G()", "int *dataPtr1 = &data;", "int *dataPtr2 = &data;", "data = -1;", "int data = *dataPtr1;", "char inputBuffer[CHAR_ARRAY_SIZE] = \"\";", "if (fgets(inputBuffer, CHAR_ARRAY_SIZE, stdin) != NULL)", "data = atoi(inputBuffer);", "printLine(\"fgets() failed.\");", "*dataPtr1 = data;", "int data = *dataPtr2;", "int buffer[10] = { 0 };", "if (data >= 0 && data < (10))", "buffer[data] = 1;", "for(i = 0; i < 10; i++)", "printIntLine(buffer[i]);", "printLine(\"ERROR: Array index is out-of-bounds\");"]}, {"CWE-ID": "CWE-121", "criterion": "fgets", "line": 128, "slices": ["static void goodB2G()", "int *dataPtr1 = &data;", "int *dataPtr2 = &data;", "data = -1;", "int data = *dataPtr1;", "char inputBuffer[CHAR_ARRAY_SIZE] = \"\";", "if (fgets(inputBuffer, CHAR_ARRAY_SIZE, stdin) != NULL)", "data = atoi(inputBuffer);", "printLine(\"fgets() failed.\");", "*dataPtr1 = data;", "int data = *dataPtr2;", "int buffer[10] = { 0 };", "if (data >= 0 && data < (10))", "buffer[data] = 1;", "for(i = 0; i < 10; i++)", "printIntLine(buffer[i]);", "printLine(\"ERROR: Array index is out-of-bounds\");"]}, {"CWE-ID": "CWE-121", "criterion": "atoi", "line": 39, "slices": ["void CWE121_Stack_Based_Buffer_Overflow__CWE129_fgets_32_bad()", "int *dataPtr1 = &data;", "int *dataPtr2 = &data;", "data = -1;", "int data = *dataPtr1;", "char inputBuffer[CHAR_ARRAY_SIZE] = \"\";", "if (fgets(inputBuffer, CHAR_ARRAY_SIZE, stdin) != NULL)", "data = atoi(inputBuffer);", "printLine(\"fgets() failed.\");", "*dataPtr1 = data;", "int data = *dataPtr2;", "int buffer[10] = { 0 };", "if (data >= 0)", "buffer[data] = 1;", "for(i = 0; i < 10; i++)", "printIntLine(buffer[i]);", "printLine(\"ERROR: Array index is negative.\");"]}]