[{"CWE-ID": "CWE-121", "criterion": "atoi", "line": 58, "slices": ["void CWE121_Stack_Based_Buffer_Overflow__CWE129_fgets_41_bad()", "data = -1;", "char inputBuffer[CHAR_ARRAY_SIZE] = \"\";", "if (fgets(inputBuffer, CHAR_ARRAY_SIZE, stdin) != NULL)", "data = atoi(inputBuffer);", "printLine(\"fgets() failed.\");", "badSink(data);"]}, {"CWE-ID": "CWE-121", "criterion": "fgets", "line": 55, "slices": ["void CWE121_Stack_Based_Buffer_Overflow__CWE129_fgets_41_bad()", "data = -1;", "char inputBuffer[CHAR_ARRAY_SIZE] = \"\";", "if (fgets(inputBuffer, CHAR_ARRAY_SIZE, stdin) != NULL)", "data = atoi(inputBuffer);", "printLine(\"fgets() failed.\");", "badSink(data);"]}, {"CWE-ID": "CWE-121", "criterion": "atoi", "line": 141, "slices": ["static void goodB2G()", "data = -1;", "char inputBuffer[CHAR_ARRAY_SIZE] = \"\";", "if (fgets(inputBuffer, CHAR_ARRAY_SIZE, stdin) != NULL)", "data = atoi(inputBuffer);", "printLine(\"fgets() failed.\");", "goodB2GSink(data);"]}, {"CWE-ID": "CWE-121", "criterion": "fgets", "line": 138, "slices": ["static void goodB2G()", "data = -1;", "char inputBuffer[CHAR_ARRAY_SIZE] = \"\";", "if (fgets(inputBuffer, CHAR_ARRAY_SIZE, stdin) != NULL)", "data = atoi(inputBuffer);", "printLine(\"fgets() failed.\");", "goodB2GSink(data);"]}]