[{"CWE-ID": "CWE-121", "criterion": "atoi", "line": 74, "slices": ["static void goodB2G1()", "data = -1;", "char inputBuffer[CHAR_ARRAY_SIZE] = \"\";", "if (fgets(inputBuffer, CHAR_ARRAY_SIZE, stdin) != NULL)", "data = atoi(inputBuffer);", "printLine(\"fgets() failed.\");", "CWE121_Stack_Based_Buffer_Overflow__CWE129_fgets_22_goodB2G1Global = 0; /* false */", "CWE121_Stack_Based_Buffer_Overflow__CWE129_fgets_22_goodB2G1Sink(data);"]}, {"CWE-ID": "CWE-121", "criterion": "atoi", "line": 40, "slices": ["void CWE121_Stack_Based_Buffer_Overflow__CWE129_fgets_22_bad()", "data = -1;", "char inputBuffer[CHAR_ARRAY_SIZE] = \"\";", "if (fgets(inputBuffer, CHAR_ARRAY_SIZE, stdin) != NULL)", "data = atoi(inputBuffer);", "printLine(\"fgets() failed.\");", "CWE121_Stack_Based_Buffer_Overflow__CWE129_fgets_22_badGlobal = 1; /* true */", "CWE121_Stack_Based_Buffer_Overflow__CWE129_fgets_22_badSink(data);"]}, {"CWE-ID": "CWE-121", "criterion": "atoi", "line": 99, "slices": ["static void goodB2G2()", "data = -1;", "char inputBuffer[CHAR_ARRAY_SIZE] = \"\";", "if (fgets(inputBuffer, CHAR_ARRAY_SIZE, stdin) != NULL)", "data = atoi(inputBuffer);", "printLine(\"fgets() failed.\");", "CWE121_Stack_Based_Buffer_Overflow__CWE129_fgets_22_goodB2G2Global = 1; /* true */", "CWE121_Stack_Based_Buffer_Overflow__CWE129_fgets_22_goodB2G2Sink(data);"]}, {"CWE-ID": "CWE-121", "criterion": "fgets", "line": 71, "slices": ["static void goodB2G1()", "data = -1;", "char inputBuffer[CHAR_ARRAY_SIZE] = \"\";", "if (fgets(inputBuffer, CHAR_ARRAY_SIZE, stdin) != NULL)", "data = atoi(inputBuffer);", "printLine(\"fgets() failed.\");", "CWE121_Stack_Based_Buffer_Overflow__CWE129_fgets_22_goodB2G1Global = 0; /* false */", "CWE121_Stack_Based_Buffer_Overflow__CWE129_fgets_22_goodB2G1Sink(data);"]}, {"CWE-ID": "CWE-121", "criterion": "fgets", "line": 37, "slices": ["void CWE121_Stack_Based_Buffer_Overflow__CWE129_fgets_22_bad()", "data = -1;", "char inputBuffer[CHAR_ARRAY_SIZE] = \"\";", "if (fgets(inputBuffer, CHAR_ARRAY_SIZE, stdin) != NULL)", "data = atoi(inputBuffer);", "printLine(\"fgets() failed.\");", "CWE121_Stack_Based_Buffer_Overflow__CWE129_fgets_22_badGlobal = 1; /* true */", "CWE121_Stack_Based_Buffer_Overflow__CWE129_fgets_22_badSink(data);"]}, {"CWE-ID": "CWE-121", "criterion": "fgets", "line": 96, "slices": ["static void goodB2G2()", "data = -1;", "char inputBuffer[CHAR_ARRAY_SIZE] = \"\";", "if (fgets(inputBuffer, CHAR_ARRAY_SIZE, stdin) != NULL)", "data = atoi(inputBuffer);", "printLine(\"fgets() failed.\");", "CWE121_Stack_Based_Buffer_Overflow__CWE129_fgets_22_goodB2G2Global = 1; /* true */", "CWE121_Stack_Based_Buffer_Overflow__CWE129_fgets_22_goodB2G2Sink(data);"]}]