[{"CWE-ID": "CWE-121", "criterion": "fgets", "line": 32, "slices": ["void badSource(int &data)", "char inputBuffer[CHAR_ARRAY_SIZE] = \"\";", "if (fgets(inputBuffer, CHAR_ARRAY_SIZE, stdin) != NULL)", "data = atoi(inputBuffer);", "printLine(\"fgets() failed.\");"]}, {"CWE-ID": "CWE-121", "criterion": "fgets", "line": 62, "slices": ["void goodB2GSource(int &data)", "char inputBuffer[CHAR_ARRAY_SIZE] = \"\";", "if (fgets(inputBuffer, CHAR_ARRAY_SIZE, stdin) != NULL)", "data = atoi(inputBuffer);", "printLine(\"fgets() failed.\");"]}, {"CWE-ID": "CWE-121", "criterion": "atoi", "line": 35, "slices": ["void badSource(int &data)", "char inputBuffer[CHAR_ARRAY_SIZE] = \"\";", "if (fgets(inputBuffer, CHAR_ARRAY_SIZE, stdin) != NULL)", "data = atoi(inputBuffer);", "printLine(\"fgets() failed.\");"]}, {"CWE-ID": "CWE-121", "criterion": "atoi", "line": 65, "slices": ["void goodB2GSource(int &data)", "char inputBuffer[CHAR_ARRAY_SIZE] = \"\";", "if (fgets(inputBuffer, CHAR_ARRAY_SIZE, stdin) != NULL)", "data = atoi(inputBuffer);", "printLine(\"fgets() failed.\");"]}]