[{"CWE-ID": "CWE-121", "criterion": "atoi", "line": 118, "slices": ["static int goodB2GSource(int data)", "char inputBuffer[CHAR_ARRAY_SIZE] = \"\";", "if (fgets(inputBuffer, CHAR_ARRAY_SIZE, stdin) != NULL)", "data = atoi(inputBuffer);", "printLine(\"fgets() failed.\");", "return data;"]}, {"CWE-ID": "CWE-121", "criterion": "atoi", "line": 32, "slices": ["static int badSource(int data)", "char inputBuffer[CHAR_ARRAY_SIZE] = \"\";", "if (fgets(inputBuffer, CHAR_ARRAY_SIZE, stdin) != NULL)", "data = atoi(inputBuffer);", "printLine(\"fgets() failed.\");", "return data;"]}, {"CWE-ID": "CWE-121", "criterion": "fgets", "line": 115, "slices": ["static int goodB2GSource(int data)", "char inputBuffer[CHAR_ARRAY_SIZE] = \"\";", "if (fgets(inputBuffer, CHAR_ARRAY_SIZE, stdin) != NULL)", "data = atoi(inputBuffer);", "printLine(\"fgets() failed.\");", "return data;"]}, {"CWE-ID": "CWE-121", "criterion": "fgets", "line": 29, "slices": ["static int badSource(int data)", "char inputBuffer[CHAR_ARRAY_SIZE] = \"\";", "if (fgets(inputBuffer, CHAR_ARRAY_SIZE, stdin) != NULL)", "data = atoi(inputBuffer);", "printLine(\"fgets() failed.\");", "return data;"]}]