[{"CWE-ID": "CWE-121", "criterion": "atoi", "line": 38, "slices": ["/* bad function declaration */", "void CWE121_Stack_Based_Buffer_Overflow__CWE129_fgets_64_bad()", "int data;", "data = -1;", "{", "char inputBuffer[CHAR_ARRAY_SIZE] = \"\";", "if (fgets(inputBuffer, CHAR_ARRAY_SIZE, stdin) != NULL)", "/* Convert to int */", "data = atoi(inputBuffer);", "}", "{", "printLine(\"fgets() failed.\");", "CWE121_Stack_Based_Buffer_Overflow__CWE129_fgets_64b_badSink(&data);", "}"]}, {"CWE-ID": "CWE-121", "criterion": "fgets", "line": 35, "slices": ["/* bad function declaration */", "void CWE121_Stack_Based_Buffer_Overflow__CWE129_fgets_64_bad()", "int data;", "data = -1;", "{", "char inputBuffer[CHAR_ARRAY_SIZE] = \"\";", "if (fgets(inputBuffer, CHAR_ARRAY_SIZE, stdin) != NULL)", "/* Convert to int */", "data = atoi(inputBuffer);", "}", "{", "printLine(\"fgets() failed.\");", "CWE121_Stack_Based_Buffer_Overflow__CWE129_fgets_64b_badSink(&data);", "}"]}, {"CWE-ID": "CWE-121", "criterion": "fgets", "line": 77, "slices": ["static void goodG2B()", "{", "data = -1;", "* access an index of the array in the sink that is out-of-bounds */", "data = 7;", "CWE121_Stack_Based_Buffer_Overflow__CWE129_fgets_64b_goodG2BSink(&data);", "}", "void CWE121_Stack_Based_Buffer_Overflow__CWE129_fgets_64b_goodB2GSink(void * dataVoidPtr);", "static void goodB2G()", "int data;", "data = -1;", "char inputBuffer[CHAR_ARRAY_SIZE] = \"\";", "if (fgets(inputBuffer, CHAR_ARRAY_SIZE, stdin) != NULL)", "{", "data = atoi(inputBuffer);", "printLine(\"fgets() failed.\");", "CWE121_Stack_Based_Buffer_Overflow__CWE129_fgets_64b_goodB2GSink(&data);", "", "void CWE121_Stack_Based_Buffer_Overflow__CWE129_fgets_64_good()", "goodG2B();", "goodB2G();", "}", "#endif /* OMITGOOD */", "/* Below is the main(). It is only used when building this testcase on", "analysis tools. It is not used when compiling all the testcases as one", "int main(int argc, char * argv[])"]}, {"CWE-ID": "CWE-121", "criterion": "atoi", "line": 80, "slices": ["static void goodG2B()", "{", "data = -1;", "* access an index of the array in the sink that is out-of-bounds */", "data = 7;", "CWE121_Stack_Based_Buffer_Overflow__CWE129_fgets_64b_goodG2BSink(&data);", "}", "void CWE121_Stack_Based_Buffer_Overflow__CWE129_fgets_64b_goodB2GSink(void * dataVoidPtr);", "static void goodB2G()", "int data;", "data = -1;", "char inputBuffer[CHAR_ARRAY_SIZE] = \"\";", "if (fgets(inputBuffer, CHAR_ARRAY_SIZE, stdin) != NULL)", "{", "data = atoi(inputBuffer);", "printLine(\"fgets() failed.\");", "CWE121_Stack_Based_Buffer_Overflow__CWE129_fgets_64b_goodB2GSink(&data);", "", "void CWE121_Stack_Based_Buffer_Overflow__CWE129_fgets_64_good()", "goodG2B();", "goodB2G();", "}", "#endif /* OMITGOOD */", "/* Below is the main(). It is only used when building this testcase on", "analysis tools. It is not used when compiling all the testcases as one", "int main(int argc, char * argv[])"]}]