[{"CWE-ID": "CWE-121", "criterion": "fgets", "line": 29, "slices": ["/* bad function declaration */", "void CWE121_Stack_Based_Buffer_Overflow__CWE129_fgets_61_bad()", "int data;", "data = -1;", "data = CWE121_Stack_Based_Buffer_Overflow__CWE129_fgets_61b_badSource(data);", "int buffer[10] = { 0 };", "/* POTENTIAL FLAW: Attempt to write to an index of the array that is above the upper bound", "if (data >= 0)", "{", "buffer[data] = 1;", "for(i = 0; i < 10; i++)", "printIntLine(buffer[i]);", "printLine(\"ERROR: Array index is negative.\");"]}, {"CWE-ID": "CWE-121", "criterion": "fgets", "line": 61, "slices": ["#ifndef OMITGOOD", "int CWE121_Stack_Based_Buffer_Overflow__CWE129_fgets_61b_goodG2BSource(int data);", "static void goodG2B()", "/* Initialize data */", "data = -1;", "data = CWE121_Stack_Based_Buffer_Overflow__CWE129_fgets_61b_goodG2BSource(data);", "int i;", "int buffer[10] = { 0 };", "* This code does check to see if the array index is negative */", "if (data >= 0)", "buffer[data] = 1;", "for(i = 0; i < 10; i++)", "printIntLine(buffer[i]);", "printLine(\"ERROR: Array index is negative.\");"]}, {"CWE-ID": "CWE-121", "criterion": "atoi", "line": 32, "slices": ["/* bad function declaration */", "void CWE121_Stack_Based_Buffer_Overflow__CWE129_fgets_61_bad()", "int data;", "data = -1;", "data = CWE121_Stack_Based_Buffer_Overflow__CWE129_fgets_61b_badSource(data);", "int buffer[10] = { 0 };", "/* POTENTIAL FLAW: Attempt to write to an index of the array that is above the upper bound", "if (data >= 0)", "{", "buffer[data] = 1;", "for(i = 0; i < 10; i++)", "printIntLine(buffer[i]);", "printLine(\"ERROR: Array index is negative.\");"]}, {"CWE-ID": "CWE-121", "criterion": "atoi", "line": 64, "slices": ["#ifndef OMITGOOD", "int CWE121_Stack_Based_Buffer_Overflow__CWE129_fgets_61b_goodG2BSource(int data);", "static void goodG2B()", "/* Initialize data */", "data = -1;", "data = CWE121_Stack_Based_Buffer_Overflow__CWE129_fgets_61b_goodG2BSource(data);", "int i;", "int buffer[10] = { 0 };", "* This code does check to see if the array index is negative */", "if (data >= 0)", "buffer[data] = 1;", "for(i = 0; i < 10; i++)", "printIntLine(buffer[i]);", "printLine(\"ERROR: Array index is negative.\");"]}]