[{"CWE-ID": "CWE-121", "criterion": "atoi", "line": 44, "slices": ["/* bad function declaration */", "", "void CWE121_Stack_Based_Buffer_Overflow__CWE129_fgets_67_bad()", "int data;", "data = -1;", "char inputBuffer[CHAR_ARRAY_SIZE] = \"\";", "if (fgets(inputBuffer, CHAR_ARRAY_SIZE, stdin) != NULL)", "/* Convert to int */", "data = atoi(inputBuffer);", "printLine(\"fgets() failed.\");", "myStruct.structFirst = data;", "CWE121_Stack_Based_Buffer_Overflow__CWE129_fgets_67b_badSink(myStruct);"]}, {"CWE-ID": "CWE-121", "criterion": "fgets", "line": 87, "slices": ["static void goodB2G()", "data = -1;", "char inputBuffer[CHAR_ARRAY_SIZE] = \"\";", "if (fgets(inputBuffer, CHAR_ARRAY_SIZE, stdin) != NULL)", "{", "data = atoi(inputBuffer);", "else", "printLine(\"fgets() failed.\");", "}", "myStruct.structFirst = data;", "CWE121_Stack_Based_Buffer_Overflow__CWE129_fgets_67b_goodB2GSink(myStruct);", "void CWE121_Stack_Based_Buffer_Overflow__CWE129_fgets_67_good()", "goodG2B();", "goodB2G();"]}, {"CWE-ID": "CWE-121", "criterion": "fgets", "line": 41, "slices": ["/* bad function declaration */", "", "void CWE121_Stack_Based_Buffer_Overflow__CWE129_fgets_67_bad()", "int data;", "data = -1;", "char inputBuffer[CHAR_ARRAY_SIZE] = \"\";", "if (fgets(inputBuffer, CHAR_ARRAY_SIZE, stdin) != NULL)", "/* Convert to int */", "data = atoi(inputBuffer);", "printLine(\"fgets() failed.\");", "myStruct.structFirst = data;", "CWE121_Stack_Based_Buffer_Overflow__CWE129_fgets_67b_badSink(myStruct);"]}, {"CWE-ID": "CWE-121", "criterion": "atoi", "line": 90, "slices": ["static void goodB2G()", "data = -1;", "char inputBuffer[CHAR_ARRAY_SIZE] = \"\";", "if (fgets(inputBuffer, CHAR_ARRAY_SIZE, stdin) != NULL)", "{", "data = atoi(inputBuffer);", "else", "printLine(\"fgets() failed.\");", "}", "myStruct.structFirst = data;", "CWE121_Stack_Based_Buffer_Overflow__CWE129_fgets_67b_goodB2GSink(myStruct);", "void CWE121_Stack_Based_Buffer_Overflow__CWE129_fgets_67_good()", "goodG2B();", "goodB2G();"]}]