[{"CWE-ID": "CWE-121", "criterion": "atoi", "line": 97, "slices": ["static void goodB2G()", "data = -1;", "char inputBuffer[CHAR_ARRAY_SIZE] = \"\";", "if (fgets(inputBuffer, CHAR_ARRAY_SIZE, stdin) != NULL)", "data = atoi(inputBuffer);", "printLine(\"fgets() failed.\");", "dataList.push_back(data);", "dataList.push_back(data);", "dataList.push_back(data);", "goodB2GSink(dataList);"]}, {"CWE-ID": "CWE-121", "criterion": "atoi", "line": 45, "slices": ["void bad()", "data = -1;", "char inputBuffer[CHAR_ARRAY_SIZE] = \"\";", "if (fgets(inputBuffer, CHAR_ARRAY_SIZE, stdin) != NULL)", "data = atoi(inputBuffer);", "printLine(\"fgets() failed.\");", "dataList.push_back(data);", "dataList.push_back(data);", "dataList.push_back(data);", "badSink(dataList);"]}, {"CWE-ID": "CWE-121", "criterion": "fgets", "line": 42, "slices": ["void bad()", "data = -1;", "char inputBuffer[CHAR_ARRAY_SIZE] = \"\";", "if (fgets(inputBuffer, CHAR_ARRAY_SIZE, stdin) != NULL)", "data = atoi(inputBuffer);", "printLine(\"fgets() failed.\");", "dataList.push_back(data);", "dataList.push_back(data);", "dataList.push_back(data);", "badSink(dataList);"]}, {"CWE-ID": "CWE-121", "criterion": "fgets", "line": 94, "slices": ["static void goodB2G()", "data = -1;", "char inputBuffer[CHAR_ARRAY_SIZE] = \"\";", "if (fgets(inputBuffer, CHAR_ARRAY_SIZE, stdin) != NULL)", "data = atoi(inputBuffer);", "printLine(\"fgets() failed.\");", "dataList.push_back(data);", "dataList.push_back(data);", "dataList.push_back(data);", "goodB2GSink(dataList);"]}]