[{"CWE-ID": "CWE-121", "criterion": "atoi", "line": 38, "slices": ["/* bad function declaration */", "", "void CWE121_Stack_Based_Buffer_Overflow__CWE129_fgets_63_bad()", "int data;", "data = -1;", "{", "char inputBuffer[CHAR_ARRAY_SIZE] = \"\";", "/* POTENTIAL FLAW: Read data from the console using fgets() */", "if (fgets(inputBuffer, CHAR_ARRAY_SIZE, stdin) != NULL)", "{", "data = atoi(inputBuffer);", "printLine(\"fgets() failed.\");", "}", "CWE121_Stack_Based_Buffer_Overflow__CWE129_fgets_63b_badSink(&data);"]}, {"CWE-ID": "CWE-121", "criterion": "fgets", "line": 35, "slices": ["/* bad function declaration */", "", "void CWE121_Stack_Based_Buffer_Overflow__CWE129_fgets_63_bad()", "int data;", "data = -1;", "{", "char inputBuffer[CHAR_ARRAY_SIZE] = \"\";", "/* POTENTIAL FLAW: Read data from the console using fgets() */", "if (fgets(inputBuffer, CHAR_ARRAY_SIZE, stdin) != NULL)", "{", "data = atoi(inputBuffer);", "printLine(\"fgets() failed.\");", "}", "CWE121_Stack_Based_Buffer_Overflow__CWE129_fgets_63b_badSink(&data);"]}, {"CWE-ID": "CWE-121", "criterion": "fgets", "line": 77, "slices": ["static void goodB2G()", "data = -1;", "char inputBuffer[CHAR_ARRAY_SIZE] = \"\";", "if (fgets(inputBuffer, CHAR_ARRAY_SIZE, stdin) != NULL)", "{", "data = atoi(inputBuffer);", "{", "printLine(\"fgets() failed.\");", "}", "CWE121_Stack_Based_Buffer_Overflow__CWE129_fgets_63b_goodB2GSink(&data);", "", "{", "#endif /* OMITGOOD */"]}, {"CWE-ID": "CWE-121", "criterion": "atoi", "line": 80, "slices": ["static void goodB2G()", "data = -1;", "char inputBuffer[CHAR_ARRAY_SIZE] = \"\";", "if (fgets(inputBuffer, CHAR_ARRAY_SIZE, stdin) != NULL)", "{", "data = atoi(inputBuffer);", "{", "printLine(\"fgets() failed.\");", "}", "CWE121_Stack_Based_Buffer_Overflow__CWE129_fgets_63b_goodB2GSink(&data);", "", "{", "#endif /* OMITGOOD */"]}]