[{"CWE-ID": "CWE-121", "criterion": "atoi", "line": 43, "slices": ["void CWE121_Stack_Based_Buffer_Overflow__CWE129_fgets_05_bad()", "data = -1;", "if(staticTrue)", "char inputBuffer[CHAR_ARRAY_SIZE] = \"\";", "if (fgets(inputBuffer, CHAR_ARRAY_SIZE, stdin) != NULL)", "data = atoi(inputBuffer);", "printLine(\"fgets() failed.\");", "if(staticTrue)", "int buffer[10] = { 0 };", "if (data >= 0)", "buffer[data] = 1;", "for(i = 0; i < 10; i++)", "printIntLine(buffer[i]);", "printLine(\"ERROR: Array index is negative.\");"]}, {"CWE-ID": "CWE-121", "criterion": "fgets", "line": 90, "slices": ["static void goodB2G1()", "data = -1;", "if(staticTrue)", "char inputBuffer[CHAR_ARRAY_SIZE] = \"\";", "if (fgets(inputBuffer, CHAR_ARRAY_SIZE, stdin) != NULL)", "data = atoi(inputBuffer);", "printLine(\"fgets() failed.\");", "if(staticFalse)", "printLine(\"Benign, fixed string\");", "int buffer[10] = { 0 };", "if (data >= 0 && data < (10))", "buffer[data] = 1;", "for(i = 0; i < 10; i++)", "printIntLine(buffer[i]);", "printLine(\"ERROR: Array index is out-of-bounds\");"]}, {"CWE-ID": "CWE-121", "criterion": "atoi", "line": 143, "slices": ["static void goodB2G2()", "data = -1;", "if(staticTrue)", "char inputBuffer[CHAR_ARRAY_SIZE] = \"\";", "if (fgets(inputBuffer, CHAR_ARRAY_SIZE, stdin) != NULL)", "data = atoi(inputBuffer);", "printLine(\"fgets() failed.\");", "if(staticTrue)", "int buffer[10] = { 0 };", "if (data >= 0 && data < (10))", "buffer[data] = 1;", "for(i = 0; i < 10; i++)", "printIntLine(buffer[i]);", "printLine(\"ERROR: Array index is out-of-bounds\");"]}, {"CWE-ID": "CWE-121", "criterion": "fgets", "line": 140, "slices": ["static void goodB2G2()", "data = -1;", "if(staticTrue)", "char inputBuffer[CHAR_ARRAY_SIZE] = \"\";", "if (fgets(inputBuffer, CHAR_ARRAY_SIZE, stdin) != NULL)", "data = atoi(inputBuffer);", "printLine(\"fgets() failed.\");", "if(staticTrue)", "int buffer[10] = { 0 };", "if (data >= 0 && data < (10))", "buffer[data] = 1;", "for(i = 0; i < 10; i++)", "printIntLine(buffer[i]);", "printLine(\"ERROR: Array index is out-of-bounds\");"]}, {"CWE-ID": "CWE-121", "criterion": "fgets", "line": 40, "slices": ["void CWE121_Stack_Based_Buffer_Overflow__CWE129_fgets_05_bad()", "data = -1;", "if(staticTrue)", "char inputBuffer[CHAR_ARRAY_SIZE] = \"\";", "if (fgets(inputBuffer, CHAR_ARRAY_SIZE, stdin) != NULL)", "data = atoi(inputBuffer);", "printLine(\"fgets() failed.\");", "if(staticTrue)", "int buffer[10] = { 0 };", "if (data >= 0)", "buffer[data] = 1;", "for(i = 0; i < 10; i++)", "printIntLine(buffer[i]);", "printLine(\"ERROR: Array index is negative.\");"]}, {"CWE-ID": "CWE-121", "criterion": "atoi", "line": 93, "slices": ["static void goodB2G1()", "data = -1;", "if(staticTrue)", "char inputBuffer[CHAR_ARRAY_SIZE] = \"\";", "if (fgets(inputBuffer, CHAR_ARRAY_SIZE, stdin) != NULL)", "data = atoi(inputBuffer);", "printLine(\"fgets() failed.\");", "if(staticFalse)", "printLine(\"Benign, fixed string\");", "int buffer[10] = { 0 };", "if (data >= 0 && data < (10))", "buffer[data] = 1;", "for(i = 0; i < 10; i++)", "printIntLine(buffer[i]);", "printLine(\"ERROR: Array index is out-of-bounds\");"]}]