[{"CWE-ID": "CWE-121", "criterion": "fgets", "line": 32, "slices": ["CWE121_Stack_Based_Buffer_Overflow__CWE129_fgets_83_bad::CWE121_Stack_Based_Buffer_Overflow__CWE129_fgets_83_bad(int dataCopy)", "data = dataCopy;", "char inputBuffer[CHAR_ARRAY_SIZE] = \"\";", "if (fgets(inputBuffer, CHAR_ARRAY_SIZE, stdin) != NULL)", "data = atoi(inputBuffer);", "printLine(\"fgets() failed.\");"]}, {"CWE-ID": "CWE-121", "criterion": "atoi", "line": 35, "slices": ["CWE121_Stack_Based_Buffer_Overflow__CWE129_fgets_83_bad::CWE121_Stack_Based_Buffer_Overflow__CWE129_fgets_83_bad(int dataCopy)", "data = dataCopy;", "char inputBuffer[CHAR_ARRAY_SIZE] = \"\";", "if (fgets(inputBuffer, CHAR_ARRAY_SIZE, stdin) != NULL)", "data = atoi(inputBuffer);", "printLine(\"fgets() failed.\");"]}]