[{"CWE-ID": "CWE-121", "criterion": "atoi", "line": 85, "slices": ["static void goodB2G()", "data = -1;", "char inputBuffer[CHAR_ARRAY_SIZE] = \"\";", "if (fgets(inputBuffer, CHAR_ARRAY_SIZE, stdin) != NULL)", "data = atoi(inputBuffer);", "printLine(\"fgets() failed.\");", "funcPtr(data);"]}, {"CWE-ID": "CWE-121", "criterion": "fgets", "line": 82, "slices": ["static void goodB2G()", "data = -1;", "char inputBuffer[CHAR_ARRAY_SIZE] = \"\";", "if (fgets(inputBuffer, CHAR_ARRAY_SIZE, stdin) != NULL)", "data = atoi(inputBuffer);", "printLine(\"fgets() failed.\");", "funcPtr(data);"]}, {"CWE-ID": "CWE-121", "criterion": "atoi", "line": 40, "slices": ["void CWE121_Stack_Based_Buffer_Overflow__CWE129_fgets_65_bad()", "data = -1;", "char inputBuffer[CHAR_ARRAY_SIZE] = \"\";", "if (fgets(inputBuffer, CHAR_ARRAY_SIZE, stdin) != NULL)", "data = atoi(inputBuffer);", "printLine(\"fgets() failed.\");", "funcPtr(data);"]}, {"CWE-ID": "CWE-121", "criterion": "fgets", "line": 37, "slices": ["void CWE121_Stack_Based_Buffer_Overflow__CWE129_fgets_65_bad()", "data = -1;", "char inputBuffer[CHAR_ARRAY_SIZE] = \"\";", "if (fgets(inputBuffer, CHAR_ARRAY_SIZE, stdin) != NULL)", "data = atoi(inputBuffer);", "printLine(\"fgets() failed.\");", "funcPtr(data);"]}]