[{"CWE-ID": "CWE-121", "criterion": "fgets", "line": 94, "slices": ["static void goodB2G()", "data = -1;", "char inputBuffer[CHAR_ARRAY_SIZE] = \"\";", "if (fgets(inputBuffer, CHAR_ARRAY_SIZE, stdin) != NULL)", "data = atoi(inputBuffer);", "printLine(\"fgets() failed.\");", "dataVector.insert(dataVector.end(), 1, data);", "dataVector.insert(dataVector.end(), 1, data);", "dataVector.insert(dataVector.end(), 1, data);", "goodB2GSink(dataVector);"]}, {"CWE-ID": "CWE-121", "criterion": "atoi", "line": 45, "slices": ["void bad()", "data = -1;", "char inputBuffer[CHAR_ARRAY_SIZE] = \"\";", "if (fgets(inputBuffer, CHAR_ARRAY_SIZE, stdin) != NULL)", "data = atoi(inputBuffer);", "printLine(\"fgets() failed.\");", "dataVector.insert(dataVector.end(), 1, data);", "dataVector.insert(dataVector.end(), 1, data);", "dataVector.insert(dataVector.end(), 1, data);", "badSink(dataVector);"]}, {"CWE-ID": "CWE-121", "criterion": "fgets", "line": 42, "slices": ["void bad()", "data = -1;", "char inputBuffer[CHAR_ARRAY_SIZE] = \"\";", "if (fgets(inputBuffer, CHAR_ARRAY_SIZE, stdin) != NULL)", "data = atoi(inputBuffer);", "printLine(\"fgets() failed.\");", "dataVector.insert(dataVector.end(), 1, data);", "dataVector.insert(dataVector.end(), 1, data);", "dataVector.insert(dataVector.end(), 1, data);", "badSink(dataVector);"]}, {"CWE-ID": "CWE-121", "criterion": "atoi", "line": 97, "slices": ["static void goodB2G()", "data = -1;", "char inputBuffer[CHAR_ARRAY_SIZE] = \"\";", "if (fgets(inputBuffer, CHAR_ARRAY_SIZE, stdin) != NULL)", "data = atoi(inputBuffer);", "printLine(\"fgets() failed.\");", "dataVector.insert(dataVector.end(), 1, data);", "dataVector.insert(dataVector.end(), 1, data);", "dataVector.insert(dataVector.end(), 1, data);", "goodB2GSink(dataVector);"]}]