[{"CWE-ID": "CWE-121", "criterion": "fgets", "line": 41, "slices": ["{", "if (data >= 0)", "buffer[data] = 1;", "for(i = 0; i < 10; i++)", "}", "printLine(\"ERROR: Array index is negative.\");", "}", ""]}, {"CWE-ID": "CWE-121", "criterion": "atoi", "line": 90, "slices": ["}", "void CWE121_Stack_Based_Buffer_Overflow__CWE129_fgets_67b_goodB2GSink(CWE121_Stack_Based_Buffer_Overflow__CWE129_fgets_67_structType myStruct)", "int data = myStruct.structFirst;", "int i;", "if (data >= 0 && data < (10))", "for(i = 0; i < 10; i++)", "}", "}"]}, {"CWE-ID": "CWE-121", "criterion": "atoi", "line": 44, "slices": ["{", "if (data >= 0)", "buffer[data] = 1;", "for(i = 0; i < 10; i++)", "}", "printLine(\"ERROR: Array index is negative.\");", "}", ""]}, {"CWE-ID": "CWE-121", "criterion": "fgets", "line": 87, "slices": ["}", "void CWE121_Stack_Based_Buffer_Overflow__CWE129_fgets_67b_goodB2GSink(CWE121_Stack_Based_Buffer_Overflow__CWE129_fgets_67_structType myStruct)", "int data = myStruct.structFirst;", "int i;", "if (data >= 0 && data < (10))", "for(i = 0; i < 10; i++)", "}", "}"]}]