[{"CWE-ID": "CWE-121", "criterion": "fgets", "line": 37, "slices": ["#define CHAR_ARRAY_SIZE (3 * sizeof(data) + 2)", "void CWE121_Stack_Based_Buffer_Overflow__CWE129_fgets_22_bad()", "    int data;", "    data = -1;", "        char inputBuffer[CHAR_ARRAY_SIZE] = \"\";", "        if (fgets(inputBuffer, CHAR_ARRAY_SIZE, stdin) != NULL)", "            data = atoi(inputBuffer);", "        {", "    CWE121_Stack_Based_Buffer_Overflow__CWE129_fgets_22_badSink(data);"]}, {"CWE-ID": "CWE-121", "criterion": "atoi", "line": 40, "slices": ["#define CHAR_ARRAY_SIZE (3 * sizeof(data) + 2)", "void CWE121_Stack_Based_Buffer_Overflow__CWE129_fgets_22_bad()", "    int data;", "    data = -1;", "        char inputBuffer[CHAR_ARRAY_SIZE] = \"\";", "        if (fgets(inputBuffer, CHAR_ARRAY_SIZE, stdin) != NULL)", "            data = atoi(inputBuffer);", "        {", "    CWE121_Stack_Based_Buffer_Overflow__CWE129_fgets_22_badSink(data);"]}, {"CWE-ID": "CWE-121", "criterion": "fgets", "line": 71, "slices": ["#define CHAR_ARRAY_SIZE (3 * sizeof(data) + 2)", "static void goodB2G1()", "    int data;", "    data = -1;", "        char inputBuffer[CHAR_ARRAY_SIZE] = \"\";", "        if (fgets(inputBuffer, CHAR_ARRAY_SIZE, stdin) != NULL)", "            data = atoi(inputBuffer);", "        {", "    CWE121_Stack_Based_Buffer_Overflow__CWE129_fgets_22_goodB2G1Sink(data);"]}, {"CWE-ID": "CWE-121", "criterion": "atoi", "line": 74, "slices": ["#define CHAR_ARRAY_SIZE (3 * sizeof(data) + 2)", "static void goodB2G1()", "    int data;", "    data = -1;", "        char inputBuffer[CHAR_ARRAY_SIZE] = \"\";", "        if (fgets(inputBuffer, CHAR_ARRAY_SIZE, stdin) != NULL)", "            data = atoi(inputBuffer);", "        {", "    CWE121_Stack_Based_Buffer_Overflow__CWE129_fgets_22_goodB2G1Sink(data);"]}, {"CWE-ID": "CWE-121", "criterion": "fgets", "line": 96, "slices": ["#define CHAR_ARRAY_SIZE (3 * sizeof(data) + 2)", "static void goodB2G2()", "    int data;", "    data = -1;", "        char inputBuffer[CHAR_ARRAY_SIZE] = \"\";", "        if (fgets(inputBuffer, CHAR_ARRAY_SIZE, stdin) != NULL)", "            data = atoi(inputBuffer);", "        {", "    CWE121_Stack_Based_Buffer_Overflow__CWE129_fgets_22_goodB2G2Sink(data);"]}, {"CWE-ID": "CWE-121", "criterion": "atoi", "line": 99, "slices": ["#define CHAR_ARRAY_SIZE (3 * sizeof(data) + 2)", "static void goodB2G2()", "    int data;", "    data = -1;", "        char inputBuffer[CHAR_ARRAY_SIZE] = \"\";", "        if (fgets(inputBuffer, CHAR_ARRAY_SIZE, stdin) != NULL)", "            data = atoi(inputBuffer);", "        {", "    CWE121_Stack_Based_Buffer_Overflow__CWE129_fgets_22_goodB2G2Sink(data);"]}]