[{"CWE-ID": "CWE-121", "criterion": "fgets", "line": 35, "slices": ["#define CHAR_ARRAY_SIZE (3 * sizeof(data) + 2)", "void CWE121_Stack_Based_Buffer_Overflow__CWE129_fgets_17_bad()", "    int i,j;", "    int data;", "    data = -1;", "    for(i = 0; i < 1; i++)", "            char inputBuffer[CHAR_ARRAY_SIZE] = \"\";", "            if (fgets(inputBuffer, CHAR_ARRAY_SIZE, stdin) != NULL)", "                data = atoi(inputBuffer);", "            {", "    for(j = 0; j < 1; j++)", "            int i;", "            int buffer[10] = { 0 };", "            if (data >= 0)", "                buffer[data] = 1;", "                for(i = 0; i < 10; i++)", "                    printIntLine(buffer[i]);", "            {"]}, {"CWE-ID": "CWE-121", "criterion": "atoi", "line": 38, "slices": ["#define CHAR_ARRAY_SIZE (3 * sizeof(data) + 2)", "void CWE121_Stack_Based_Buffer_Overflow__CWE129_fgets_17_bad()", "    int i,j;", "    int data;", "    data = -1;", "    for(i = 0; i < 1; i++)", "            char inputBuffer[CHAR_ARRAY_SIZE] = \"\";", "            if (fgets(inputBuffer, CHAR_ARRAY_SIZE, stdin) != NULL)", "                data = atoi(inputBuffer);", "            {", "    for(j = 0; j < 1; j++)", "            int i;", "            int buffer[10] = { 0 };", "            if (data >= 0)", "                buffer[data] = 1;", "                for(i = 0; i < 10; i++)", "                    printIntLine(buffer[i]);", "            {"]}, {"CWE-ID": "CWE-121", "criterion": "fgets", "line": 86, "slices": ["#define CHAR_ARRAY_SIZE (3 * sizeof(data) + 2)", "static void goodB2G()", "    int i,k;", "    int data;", "    data = -1;", "    for(i = 0; i < 1; i++)", "            char inputBuffer[CHAR_ARRAY_SIZE] = \"\";", "            if (fgets(inputBuffer, CHAR_ARRAY_SIZE, stdin) != NULL)", "                data = atoi(inputBuffer);", "            {", "    for(k = 0; k < 1; k++)", "            int i;", "            int buffer[10] = { 0 };", "            if (data >= 0 && data < (10))", "                buffer[data] = 1;", "                for(i = 0; i < 10; i++)", "                    printIntLine(buffer[i]);", "            {"]}, {"CWE-ID": "CWE-121", "criterion": "atoi", "line": 89, "slices": ["#define CHAR_ARRAY_SIZE (3 * sizeof(data) + 2)", "static void goodB2G()", "    int i,k;", "    int data;", "    data = -1;", "    for(i = 0; i < 1; i++)", "            char inputBuffer[CHAR_ARRAY_SIZE] = \"\";", "            if (fgets(inputBuffer, CHAR_ARRAY_SIZE, stdin) != NULL)", "                data = atoi(inputBuffer);", "            {", "    for(k = 0; k < 1; k++)", "            int i;", "            int buffer[10] = { 0 };", "            if (data >= 0 && data < (10))", "                buffer[data] = 1;", "                for(i = 0; i < 10; i++)", "                    printIntLine(buffer[i]);", "            {"]}]