[{"CWE-ID": "CWE-121", "criterion": "fgets", "line": 36, "slices": ["#define CHAR_ARRAY_SIZE (3 * sizeof(data) + 2)", "void CWE121_Stack_Based_Buffer_Overflow__CWE129_fgets_32_bad()", "    int data;", "    int *dataPtr1 = &data;", "    int *dataPtr2 = &data;", "    data = -1;", "        int data = *dataPtr1;", "            char inputBuffer[CHAR_ARRAY_SIZE] = \"\";", "            if (fgets(inputBuffer, CHAR_ARRAY_SIZE, stdin) != NULL)", "                data = atoi(inputBuffer);", "            {", "        *dataPtr1 = data;", "        int data = *dataPtr2;", "            int i;", "            int buffer[10] = { 0 };", "            if (data >= 0)", "                buffer[data] = 1;", "                for(i = 0; i < 10; i++)", "                    printIntLine(buffer[i]);", "            {"]}, {"CWE-ID": "CWE-121", "criterion": "atoi", "line": 39, "slices": ["#define CHAR_ARRAY_SIZE (3 * sizeof(data) + 2)", "void CWE121_Stack_Based_Buffer_Overflow__CWE129_fgets_32_bad()", "    int data;", "    int *dataPtr1 = &data;", "    int *dataPtr2 = &data;", "    data = -1;", "        int data = *dataPtr1;", "            char inputBuffer[CHAR_ARRAY_SIZE] = \"\";", "            if (fgets(inputBuffer, CHAR_ARRAY_SIZE, stdin) != NULL)", "                data = atoi(inputBuffer);", "            {", "        *dataPtr1 = data;", "        int data = *dataPtr2;", "            int i;", "            int buffer[10] = { 0 };", "            if (data >= 0)", "                buffer[data] = 1;", "                for(i = 0; i < 10; i++)", "                    printIntLine(buffer[i]);", "            {"]}, {"CWE-ID": "CWE-121", "criterion": "fgets", "line": 128, "slices": ["#define CHAR_ARRAY_SIZE (3 * sizeof(data) + 2)", "static void goodB2G()", "    int data;", "    int *dataPtr1 = &data;", "    int *dataPtr2 = &data;", "    data = -1;", "        int data = *dataPtr1;", "            char inputBuffer[CHAR_ARRAY_SIZE] = \"\";", "            if (fgets(inputBuffer, CHAR_ARRAY_SIZE, stdin) != NULL)", "                data = atoi(inputBuffer);", "            {", "        *dataPtr1 = data;", "        int data = *dataPtr2;", "            int i;", "            int buffer[10] = { 0 };", "            if (data >= 0 && data < (10))", "                buffer[data] = 1;", "                for(i = 0; i < 10; i++)", "                    printIntLine(buffer[i]);", "            {"]}, {"CWE-ID": "CWE-121", "criterion": "atoi", "line": 131, "slices": ["#define CHAR_ARRAY_SIZE (3 * sizeof(data) + 2)", "static void goodB2G()", "    int data;", "    int *dataPtr1 = &data;", "    int *dataPtr2 = &data;", "    data = -1;", "        int data = *dataPtr1;", "            char inputBuffer[CHAR_ARRAY_SIZE] = \"\";", "            if (fgets(inputBuffer, CHAR_ARRAY_SIZE, stdin) != NULL)", "                data = atoi(inputBuffer);", "            {", "        *dataPtr1 = data;", "        int data = *dataPtr2;", "            int i;", "            int buffer[10] = { 0 };", "            if (data >= 0 && data < (10))", "                buffer[data] = 1;", "                for(i = 0; i < 10; i++)", "                    printIntLine(buffer[i]);", "            {"]}]