[{"CWE-ID": "CWE-121", "criterion": "fgets", "line": 39, "slices": ["#define CHAR_ARRAY_SIZE (3 * sizeof(data) + 2)", "    int unionFirst;", "    int unionSecond;", "void CWE121_Stack_Based_Buffer_Overflow__CWE129_fgets_34_bad()", "    int data;", "    CWE121_Stack_Based_Buffer_Overflow__CWE129_fgets_34_unionType myUnion;", "    data = -1;", "        char inputBuffer[CHAR_ARRAY_SIZE] = \"\";", "        if (fgets(inputBuffer, CHAR_ARRAY_SIZE, stdin) != NULL)", "            data = atoi(inputBuffer);", "        {", "    myUnion.unionFirst = data;", "        int data = myUnion.unionSecond;", "            int i;", "            int buffer[10] = { 0 };", "            if (data >= 0)", "                buffer[data] = 1;", "                for(i = 0; i < 10; i++)", "                    printIntLine(buffer[i]);", "            {"]}, {"CWE-ID": "CWE-121", "criterion": "atoi", "line": 42, "slices": ["#define CHAR_ARRAY_SIZE (3 * sizeof(data) + 2)", "    int unionFirst;", "    int unionSecond;", "void CWE121_Stack_Based_Buffer_Overflow__CWE129_fgets_34_bad()", "    int data;", "    CWE121_Stack_Based_Buffer_Overflow__CWE129_fgets_34_unionType myUnion;", "    data = -1;", "        char inputBuffer[CHAR_ARRAY_SIZE] = \"\";", "        if (fgets(inputBuffer, CHAR_ARRAY_SIZE, stdin) != NULL)", "            data = atoi(inputBuffer);", "        {", "    myUnion.unionFirst = data;", "        int data = myUnion.unionSecond;", "            int i;", "            int buffer[10] = { 0 };", "            if (data >= 0)", "                buffer[data] = 1;", "                for(i = 0; i < 10; i++)", "                    printIntLine(buffer[i]);", "            {"]}, {"CWE-ID": "CWE-121", "criterion": "fgets", "line": 123, "slices": ["#define CHAR_ARRAY_SIZE (3 * sizeof(data) + 2)", "    int unionFirst;", "    int unionSecond;", "static void goodB2G()", "    int data;", "    CWE121_Stack_Based_Buffer_Overflow__CWE129_fgets_34_unionType myUnion;", "    data = -1;", "        char inputBuffer[CHAR_ARRAY_SIZE] = \"\";", "        if (fgets(inputBuffer, CHAR_ARRAY_SIZE, stdin) != NULL)", "            data = atoi(inputBuffer);", "        {", "    myUnion.unionFirst = data;", "        int data = myUnion.unionSecond;", "            int i;", "            int buffer[10] = { 0 };", "            if (data >= 0 && data < (10))", "                buffer[data] = 1;", "                for(i = 0; i < 10; i++)", "                    printIntLine(buffer[i]);", "            {"]}, {"CWE-ID": "CWE-121", "criterion": "atoi", "line": 126, "slices": ["#define CHAR_ARRAY_SIZE (3 * sizeof(data) + 2)", "    int unionFirst;", "    int unionSecond;", "static void goodB2G()", "    int data;", "    CWE121_Stack_Based_Buffer_Overflow__CWE129_fgets_34_unionType myUnion;", "    data = -1;", "        char inputBuffer[CHAR_ARRAY_SIZE] = \"\";", "        if (fgets(inputBuffer, CHAR_ARRAY_SIZE, stdin) != NULL)", "            data = atoi(inputBuffer);", "        {", "    myUnion.unionFirst = data;", "        int data = myUnion.unionSecond;", "            int i;", "            int buffer[10] = { 0 };", "            if (data >= 0 && data < (10))", "                buffer[data] = 1;", "                for(i = 0; i < 10; i++)", "                    printIntLine(buffer[i]);", "            {"]}]