[{"CWE-ID": "CWE-121", "criterion": "fgets", "line": 42, "slices": ["#define CHAR_ARRAY_SIZE (3 * sizeof(data) + 2)", "void bad()", "    int data;", "    list<int> dataList;", "    data = -1;", "        char inputBuffer[CHAR_ARRAY_SIZE] = \"\";", "        if (fgets(inputBuffer, CHAR_ARRAY_SIZE, stdin) != NULL)", "            data = atoi(inputBuffer);", "        {", "    dataList.push_back(data);", "    dataList.push_back(data);", "    dataList.push_back(data);", "    badSink(dataList);"]}, {"CWE-ID": "CWE-121", "criterion": "atoi", "line": 45, "slices": ["#define CHAR_ARRAY_SIZE (3 * sizeof(data) + 2)", "void bad()", "    int data;", "    list<int> dataList;", "    data = -1;", "        char inputBuffer[CHAR_ARRAY_SIZE] = \"\";", "        if (fgets(inputBuffer, CHAR_ARRAY_SIZE, stdin) != NULL)", "            data = atoi(inputBuffer);", "        {", "    dataList.push_back(data);", "    dataList.push_back(data);", "    dataList.push_back(data);", "    badSink(dataList);"]}, {"CWE-ID": "CWE-121", "criterion": "fgets", "line": 94, "slices": ["#define CHAR_ARRAY_SIZE (3 * sizeof(data) + 2)", "static void goodB2G()", "    int data;", "    list<int> dataList;", "    data = -1;", "        char inputBuffer[CHAR_ARRAY_SIZE] = \"\";", "        if (fgets(inputBuffer, CHAR_ARRAY_SIZE, stdin) != NULL)", "            data = atoi(inputBuffer);", "        {", "    dataList.push_back(data);", "    dataList.push_back(data);", "    dataList.push_back(data);", "    goodB2GSink(dataList);"]}, {"CWE-ID": "CWE-121", "criterion": "atoi", "line": 97, "slices": ["#define CHAR_ARRAY_SIZE (3 * sizeof(data) + 2)", "static void goodB2G()", "    int data;", "    list<int> dataList;", "    data = -1;", "        char inputBuffer[CHAR_ARRAY_SIZE] = \"\";", "        if (fgets(inputBuffer, CHAR_ARRAY_SIZE, stdin) != NULL)", "            data = atoi(inputBuffer);", "        {", "    dataList.push_back(data);", "    dataList.push_back(data);", "    dataList.push_back(data);", "    goodB2GSink(dataList);"]}]