[{"CWE-ID": "CWE-121", "criterion": "fgets", "line": 32, "slices": ["#define CHAR_ARRAY_SIZE (3 * sizeof(data) + 2)", "void CWE121_Stack_Based_Buffer_Overflow__CWE129_fgets_01_bad()", "    int data;", "    data = -1;", "        char inputBuffer[CHAR_ARRAY_SIZE] = \"\";", "        if (fgets(inputBuffer, CHAR_ARRAY_SIZE, stdin) != NULL)", "            data = atoi(inputBuffer);", "        {", "        int i;", "        int buffer[10] = { 0 };", "        if (data >= 0)", "            buffer[data] = 1;", "            for(i = 0; i < 10; i++)", "                printIntLine(buffer[i]);", "        {"]}, {"CWE-ID": "CWE-121", "criterion": "atoi", "line": 35, "slices": ["#define CHAR_ARRAY_SIZE (3 * sizeof(data) + 2)", "void CWE121_Stack_Based_Buffer_Overflow__CWE129_fgets_01_bad()", "    int data;", "    data = -1;", "        char inputBuffer[CHAR_ARRAY_SIZE] = \"\";", "        if (fgets(inputBuffer, CHAR_ARRAY_SIZE, stdin) != NULL)", "            data = atoi(inputBuffer);", "        {", "        int i;", "        int buffer[10] = { 0 };", "        if (data >= 0)", "            buffer[data] = 1;", "            for(i = 0; i < 10; i++)", "                printIntLine(buffer[i]);", "        {"]}, {"CWE-ID": "CWE-121", "criterion": "fgets", "line": 106, "slices": ["#define CHAR_ARRAY_SIZE (3 * sizeof(data) + 2)", "static void goodB2G()", "    int data;", "    data = -1;", "        char inputBuffer[CHAR_ARRAY_SIZE] = \"\";", "        if (fgets(inputBuffer, CHAR_ARRAY_SIZE, stdin) != NULL)", "            data = atoi(inputBuffer);", "        {", "        int i;", "        int buffer[10] = { 0 };", "        if (data >= 0 && data < (10))", "            buffer[data] = 1;", "            for(i = 0; i < 10; i++)", "                printIntLine(buffer[i]);", "        {"]}, {"CWE-ID": "CWE-121", "criterion": "atoi", "line": 109, "slices": ["#define CHAR_ARRAY_SIZE (3 * sizeof(data) + 2)", "static void goodB2G()", "    int data;", "    data = -1;", "        char inputBuffer[CHAR_ARRAY_SIZE] = \"\";", "        if (fgets(inputBuffer, CHAR_ARRAY_SIZE, stdin) != NULL)", "            data = atoi(inputBuffer);", "        {", "        int i;", "        int buffer[10] = { 0 };", "        if (data >= 0 && data < (10))", "            buffer[data] = 1;", "            for(i = 0; i < 10; i++)", "                printIntLine(buffer[i]);", "        {"]}]