[{"CWE-ID": "CWE-121", "criterion": "fgets", "line": 37, "slices": ["#define CHAR_ARRAY_SIZE (3 * sizeof(data) + 2)", "void CWE121_Stack_Based_Buffer_Overflow__CWE129_fgets_65_bad()", "    int data;", "    void (*funcPtr) (int) = CWE121_Stack_Based_Buffer_Overflow__CWE129_fgets_65b_badSink;", "    data = -1;", "        char inputBuffer[CHAR_ARRAY_SIZE] = \"\";", "        if (fgets(inputBuffer, CHAR_ARRAY_SIZE, stdin) != NULL)", "            data = atoi(inputBuffer);", "        {", "    funcPtr(data);"]}, {"CWE-ID": "CWE-121", "criterion": "atoi", "line": 40, "slices": ["#define CHAR_ARRAY_SIZE (3 * sizeof(data) + 2)", "void CWE121_Stack_Based_Buffer_Overflow__CWE129_fgets_65_bad()", "    int data;", "    void (*funcPtr) (int) = CWE121_Stack_Based_Buffer_Overflow__CWE129_fgets_65b_badSink;", "    data = -1;", "        char inputBuffer[CHAR_ARRAY_SIZE] = \"\";", "        if (fgets(inputBuffer, CHAR_ARRAY_SIZE, stdin) != NULL)", "            data = atoi(inputBuffer);", "        {", "    funcPtr(data);"]}, {"CWE-ID": "CWE-121", "criterion": "fgets", "line": 82, "slices": ["#define CHAR_ARRAY_SIZE (3 * sizeof(data) + 2)", "static void goodB2G()", "    int data;", "    void (*funcPtr) (int) = CWE121_Stack_Based_Buffer_Overflow__CWE129_fgets_65b_goodB2GSink;", "    data = -1;", "        char inputBuffer[CHAR_ARRAY_SIZE] = \"\";", "        if (fgets(inputBuffer, CHAR_ARRAY_SIZE, stdin) != NULL)", "            data = atoi(inputBuffer);", "        {", "    funcPtr(data);"]}, {"CWE-ID": "CWE-121", "criterion": "atoi", "line": 85, "slices": ["#define CHAR_ARRAY_SIZE (3 * sizeof(data) + 2)", "static void goodB2G()", "    int data;", "    void (*funcPtr) (int) = CWE121_Stack_Based_Buffer_Overflow__CWE129_fgets_65b_goodB2GSink;", "    data = -1;", "        char inputBuffer[CHAR_ARRAY_SIZE] = \"\";", "        if (fgets(inputBuffer, CHAR_ARRAY_SIZE, stdin) != NULL)", "            data = atoi(inputBuffer);", "        {", "    funcPtr(data);"]}]