[{"CWE-ID": "CWE-121", "criterion": "fgets", "line": 34, "slices": ["#define CHAR_ARRAY_SIZE (3 * sizeof(data) + 2)", "void CWE121_Stack_Based_Buffer_Overflow__CWE129_fgets_16_bad()", "    int data;", "    data = -1;", "    while(1)", "            char inputBuffer[CHAR_ARRAY_SIZE] = \"\";", "            if (fgets(inputBuffer, CHAR_ARRAY_SIZE, stdin) != NULL)", "                data = atoi(inputBuffer);", "            {", "        break;", "    while(1)", "            int i;", "            int buffer[10] = { 0 };", "            if (data >= 0)", "                buffer[data] = 1;", "                for(i = 0; i < 10; i++)", "                    printIntLine(buffer[i]);", "            {", "        break;"]}, {"CWE-ID": "CWE-121", "criterion": "atoi", "line": 37, "slices": ["#define CHAR_ARRAY_SIZE (3 * sizeof(data) + 2)", "void CWE121_Stack_Based_Buffer_Overflow__CWE129_fgets_16_bad()", "    int data;", "    data = -1;", "    while(1)", "            char inputBuffer[CHAR_ARRAY_SIZE] = \"\";", "            if (fgets(inputBuffer, CHAR_ARRAY_SIZE, stdin) != NULL)", "                data = atoi(inputBuffer);", "            {", "        break;", "    while(1)", "            int i;", "            int buffer[10] = { 0 };", "            if (data >= 0)", "                buffer[data] = 1;", "                for(i = 0; i < 10; i++)", "                    printIntLine(buffer[i]);", "            {", "        break;"]}, {"CWE-ID": "CWE-121", "criterion": "fgets", "line": 86, "slices": ["#define CHAR_ARRAY_SIZE (3 * sizeof(data) + 2)", "static void goodB2G()", "    int data;", "    data = -1;", "    while(1)", "            char inputBuffer[CHAR_ARRAY_SIZE] = \"\";", "            if (fgets(inputBuffer, CHAR_ARRAY_SIZE, stdin) != NULL)", "                data = atoi(inputBuffer);", "            {", "        break;", "    while(1)", "            int i;", "            int buffer[10] = { 0 };", "            if (data >= 0 && data < (10))", "                buffer[data] = 1;", "                for(i = 0; i < 10; i++)", "                    printIntLine(buffer[i]);", "            {", "        break;"]}, {"CWE-ID": "CWE-121", "criterion": "atoi", "line": 89, "slices": ["#define CHAR_ARRAY_SIZE (3 * sizeof(data) + 2)", "static void goodB2G()", "    int data;", "    data = -1;", "    while(1)", "            char inputBuffer[CHAR_ARRAY_SIZE] = \"\";", "            if (fgets(inputBuffer, CHAR_ARRAY_SIZE, stdin) != NULL)", "                data = atoi(inputBuffer);", "            {", "        break;", "    while(1)", "            int i;", "            int buffer[10] = { 0 };", "            if (data >= 0 && data < (10))", "                buffer[data] = 1;", "                for(i = 0; i < 10; i++)", "                    printIntLine(buffer[i]);", "            {", "        break;"]}]