[{"CWE-ID": "CWE-121", "criterion": "fgets", "line": 32, "slices": ["#define CHAR_ARRAY_SIZE (3 * sizeof(data) + 2)", "CWE121_Stack_Based_Buffer_Overflow__CWE129_fgets_84_goodB2G::CWE121_Stack_Based_Buffer_Overflow__CWE129_fgets_84_goodB2G(int dataCopy)", "    data = dataCopy;", "        char inputBuffer[CHAR_ARRAY_SIZE] = \"\";", "        if (fgets(inputBuffer, CHAR_ARRAY_SIZE, stdin) != NULL)", "            data = atoi(inputBuffer);", "        {"]}, {"CWE-ID": "CWE-121", "criterion": "atoi", "line": 35, "slices": ["#define CHAR_ARRAY_SIZE (3 * sizeof(data) + 2)", "CWE121_Stack_Based_Buffer_Overflow__CWE129_fgets_84_goodB2G::CWE121_Stack_Based_Buffer_Overflow__CWE129_fgets_84_goodB2G(int dataCopy)", "    data = dataCopy;", "        char inputBuffer[CHAR_ARRAY_SIZE] = \"\";", "        if (fgets(inputBuffer, CHAR_ARRAY_SIZE, stdin) != NULL)", "            data = atoi(inputBuffer);", "        {"]}]