[{"CWE-ID": "CWE-121", "criterion": "fgets", "line": 41, "slices": ["#define CHAR_ARRAY_SIZE (3 * sizeof(data) + 2)", "void CWE121_Stack_Based_Buffer_Overflow__CWE129_fgets_67_bad()", "    int data;", "    CWE121_Stack_Based_Buffer_Overflow__CWE129_fgets_67_structType myStruct;", "    data = -1;", "        char inputBuffer[CHAR_ARRAY_SIZE] = \"\";", "        if (fgets(inputBuffer, CHAR_ARRAY_SIZE, stdin) != NULL)", "            data = atoi(inputBuffer);", "        {", "    myStruct.structFirst = data;", "    CWE121_Stack_Based_Buffer_Overflow__CWE129_fgets_67b_badSink(myStruct);"]}, {"CWE-ID": "CWE-121", "criterion": "atoi", "line": 44, "slices": ["#define CHAR_ARRAY_SIZE (3 * sizeof(data) + 2)", "void CWE121_Stack_Based_Buffer_Overflow__CWE129_fgets_67_bad()", "    int data;", "    CWE121_Stack_Based_Buffer_Overflow__CWE129_fgets_67_structType myStruct;", "    data = -1;", "        char inputBuffer[CHAR_ARRAY_SIZE] = \"\";", "        if (fgets(inputBuffer, CHAR_ARRAY_SIZE, stdin) != NULL)", "            data = atoi(inputBuffer);", "        {", "    myStruct.structFirst = data;", "    CWE121_Stack_Based_Buffer_Overflow__CWE129_fgets_67b_badSink(myStruct);"]}, {"CWE-ID": "CWE-121", "criterion": "fgets", "line": 87, "slices": ["#define CHAR_ARRAY_SIZE (3 * sizeof(data) + 2)", "static void goodB2G()", "    int data;", "    CWE121_Stack_Based_Buffer_Overflow__CWE129_fgets_67_structType myStruct;", "    data = -1;", "        char inputBuffer[CHAR_ARRAY_SIZE] = \"\";", "        if (fgets(inputBuffer, CHAR_ARRAY_SIZE, stdin) != NULL)", "            data = atoi(inputBuffer);", "        {", "    myStruct.structFirst = data;", "    CWE121_Stack_Based_Buffer_Overflow__CWE129_fgets_67b_goodB2GSink(myStruct);"]}, {"CWE-ID": "CWE-121", "criterion": "atoi", "line": 90, "slices": ["#define CHAR_ARRAY_SIZE (3 * sizeof(data) + 2)", "static void goodB2G()", "    int data;", "    CWE121_Stack_Based_Buffer_Overflow__CWE129_fgets_67_structType myStruct;", "    data = -1;", "        char inputBuffer[CHAR_ARRAY_SIZE] = \"\";", "        if (fgets(inputBuffer, CHAR_ARRAY_SIZE, stdin) != NULL)", "            data = atoi(inputBuffer);", "        {", "    myStruct.structFirst = data;", "    CWE121_Stack_Based_Buffer_Overflow__CWE129_fgets_67b_goodB2GSink(myStruct);"]}]