[{"CWE-ID": "CWE-121", "criterion": "fgets", "line": 35, "slices": ["#define CHAR_ARRAY_SIZE (3 * sizeof(data) + 2)", "void CWE121_Stack_Based_Buffer_Overflow__CWE129_fgets_15_bad()", "    int data;", "    data = -1;", "    switch(6)", "    case 6:", "        char inputBuffer[CHAR_ARRAY_SIZE] = \"\";", "        if (fgets(inputBuffer, CHAR_ARRAY_SIZE, stdin) != NULL)", "            data = atoi(inputBuffer);", "        {", "    break;", "    default:", "        break;", "    switch(7)", "    case 7:", "        int i;", "        int buffer[10] = { 0 };", "        if (data >= 0)", "            buffer[data] = 1;", "            for(i = 0; i < 10; i++)", "                printIntLine(buffer[i]);", "        {", "    break;", "    default:", "        break;"]}, {"CWE-ID": "CWE-121", "criterion": "atoi", "line": 38, "slices": ["#define CHAR_ARRAY_SIZE (3 * sizeof(data) + 2)", "void CWE121_Stack_Based_Buffer_Overflow__CWE129_fgets_15_bad()", "    int data;", "    data = -1;", "    switch(6)", "    case 6:", "        char inputBuffer[CHAR_ARRAY_SIZE] = \"\";", "        if (fgets(inputBuffer, CHAR_ARRAY_SIZE, stdin) != NULL)", "            data = atoi(inputBuffer);", "        {", "    break;", "    default:", "        break;", "    switch(7)", "    case 7:", "        int i;", "        int buffer[10] = { 0 };", "        if (data >= 0)", "            buffer[data] = 1;", "            for(i = 0; i < 10; i++)", "                printIntLine(buffer[i]);", "        {", "    break;", "    default:", "        break;"]}, {"CWE-ID": "CWE-121", "criterion": "fgets", "line": 97, "slices": ["#define CHAR_ARRAY_SIZE (3 * sizeof(data) + 2)", "static void goodB2G1()", "    int data;", "    data = -1;", "    switch(6)", "    case 6:", "        char inputBuffer[CHAR_ARRAY_SIZE] = \"\";", "        if (fgets(inputBuffer, CHAR_ARRAY_SIZE, stdin) != NULL)", "            data = atoi(inputBuffer);", "        {", "    break;", "    default:", "        break;", "    switch(8)", "    case 7:", "        break;", "    default:", "        int i;", "        int buffer[10] = { 0 };", "        if (data >= 0 && data < (10))", "            buffer[data] = 1;", "            for(i = 0; i < 10; i++)", "                printIntLine(buffer[i]);", "        {", "    break;"]}, {"CWE-ID": "CWE-121", "criterion": "atoi", "line": 100, "slices": ["#define CHAR_ARRAY_SIZE (3 * sizeof(data) + 2)", "static void goodB2G1()", "    int data;", "    data = -1;", "    switch(6)", "    case 6:", "        char inputBuffer[CHAR_ARRAY_SIZE] = \"\";", "        if (fgets(inputBuffer, CHAR_ARRAY_SIZE, stdin) != NULL)", "            data = atoi(inputBuffer);", "        {", "    break;", "    default:", "        break;", "    switch(8)", "    case 7:", "        break;", "    default:", "        int i;", "        int buffer[10] = { 0 };", "        if (data >= 0 && data < (10))", "            buffer[data] = 1;", "            for(i = 0; i < 10; i++)", "                printIntLine(buffer[i]);", "        {", "    break;"]}, {"CWE-ID": "CWE-121", "criterion": "fgets", "line": 154, "slices": ["#define CHAR_ARRAY_SIZE (3 * sizeof(data) + 2)", "static void goodB2G2()", "    int data;", "    data = -1;", "    switch(6)", "    case 6:", "        char inputBuffer[CHAR_ARRAY_SIZE] = \"\";", "        if (fgets(inputBuffer, CHAR_ARRAY_SIZE, stdin) != NULL)", "            data = atoi(inputBuffer);", "        {", "    break;", "    default:", "        break;", "    switch(7)", "    case 7:", "        int i;", "        int buffer[10] = { 0 };", "        if (data >= 0 && data < (10))", "            buffer[data] = 1;", "            for(i = 0; i < 10; i++)", "                printIntLine(buffer[i]);", "        {", "    break;", "    default:", "        break;"]}, {"CWE-ID": "CWE-121", "criterion": "atoi", "line": 157, "slices": ["#define CHAR_ARRAY_SIZE (3 * sizeof(data) + 2)", "static void goodB2G2()", "    int data;", "    data = -1;", "    switch(6)", "    case 6:", "        char inputBuffer[CHAR_ARRAY_SIZE] = \"\";", "        if (fgets(inputBuffer, CHAR_ARRAY_SIZE, stdin) != NULL)", "            data = atoi(inputBuffer);", "        {", "    break;", "    default:", "        break;", "    switch(7)", "    case 7:", "        int i;", "        int buffer[10] = { 0 };", "        if (data >= 0 && data < (10))", "            buffer[data] = 1;", "            for(i = 0; i < 10; i++)", "                printIntLine(buffer[i]);", "        {", "    break;", "    default:", "        break;"]}]