[{"CWE-ID": "CWE-121", "criterion": "fgets", "line": 42, "slices": ["#define CHAR_ARRAY_SIZE (3 * sizeof(data) + 2)", "void bad()", "    int data;", "    map<int, int> dataMap;", "    data = -1;", "        char inputBuffer[CHAR_ARRAY_SIZE] = \"\";", "        if (fgets(inputBuffer, CHAR_ARRAY_SIZE, stdin) != NULL)", "            data = atoi(inputBuffer);", "        {", "    dataMap[0] = data;", "    dataMap[1] = data;", "    dataMap[2] = data;", "    badSink(dataMap);"]}, {"CWE-ID": "CWE-121", "criterion": "atoi", "line": 45, "slices": ["#define CHAR_ARRAY_SIZE (3 * sizeof(data) + 2)", "void bad()", "    int data;", "    map<int, int> dataMap;", "    data = -1;", "        char inputBuffer[CHAR_ARRAY_SIZE] = \"\";", "        if (fgets(inputBuffer, CHAR_ARRAY_SIZE, stdin) != NULL)", "            data = atoi(inputBuffer);", "        {", "    dataMap[0] = data;", "    dataMap[1] = data;", "    dataMap[2] = data;", "    badSink(dataMap);"]}, {"CWE-ID": "CWE-121", "criterion": "fgets", "line": 94, "slices": ["#define CHAR_ARRAY_SIZE (3 * sizeof(data) + 2)", "static void goodB2G()", "    int data;", "    map<int, int> dataMap;", "    data = -1;", "        char inputBuffer[CHAR_ARRAY_SIZE] = \"\";", "        if (fgets(inputBuffer, CHAR_ARRAY_SIZE, stdin) != NULL)", "            data = atoi(inputBuffer);", "        {", "    dataMap[0] = data;", "    dataMap[1] = data;", "    dataMap[2] = data;", "    goodB2GSink(dataMap);"]}, {"CWE-ID": "CWE-121", "criterion": "atoi", "line": 97, "slices": ["#define CHAR_ARRAY_SIZE (3 * sizeof(data) + 2)", "static void goodB2G()", "    int data;", "    map<int, int> dataMap;", "    data = -1;", "        char inputBuffer[CHAR_ARRAY_SIZE] = \"\";", "        if (fgets(inputBuffer, CHAR_ARRAY_SIZE, stdin) != NULL)", "            data = atoi(inputBuffer);", "        {", "    dataMap[0] = data;", "    dataMap[1] = data;", "    dataMap[2] = data;", "    goodB2GSink(dataMap);"]}]