[{"CWE-ID": "CWE-121", "criterion": "fgets", "line": 39, "slices": ["#define CHAR_ARRAY_SIZE (3 * sizeof(data) + 2)", "static const int STATIC_CONST_FIVE = 5;", "void CWE121_Stack_Based_Buffer_Overflow__CWE129_fgets_06_bad()", "    int data;", "    data = -1;", "    if(STATIC_CONST_FIVE==5)", "            char inputBuffer[CHAR_ARRAY_SIZE] = \"\";", "            if (fgets(inputBuffer, CHAR_ARRAY_SIZE, stdin) != NULL)", "                data = atoi(inputBuffer);", "            {", "    if(STATIC_CONST_FIVE==5)", "            int i;", "            int buffer[10] = { 0 };", "            if (data >= 0)", "                buffer[data] = 1;", "                for(i = 0; i < 10; i++)", "                    printIntLine(buffer[i]);", "            {"]}, {"CWE-ID": "CWE-121", "criterion": "atoi", "line": 42, "slices": ["#define CHAR_ARRAY_SIZE (3 * sizeof(data) + 2)", "static const int STATIC_CONST_FIVE = 5;", "void CWE121_Stack_Based_Buffer_Overflow__CWE129_fgets_06_bad()", "    int data;", "    data = -1;", "    if(STATIC_CONST_FIVE==5)", "            char inputBuffer[CHAR_ARRAY_SIZE] = \"\";", "            if (fgets(inputBuffer, CHAR_ARRAY_SIZE, stdin) != NULL)", "                data = atoi(inputBuffer);", "            {", "    if(STATIC_CONST_FIVE==5)", "            int i;", "            int buffer[10] = { 0 };", "            if (data >= 0)", "                buffer[data] = 1;", "                for(i = 0; i < 10; i++)", "                    printIntLine(buffer[i]);", "            {"]}, {"CWE-ID": "CWE-121", "criterion": "fgets", "line": 89, "slices": ["#define CHAR_ARRAY_SIZE (3 * sizeof(data) + 2)", "static const int STATIC_CONST_FIVE = 5;", "static void goodB2G1()", "    int data;", "    data = -1;", "    if(STATIC_CONST_FIVE==5)", "            char inputBuffer[CHAR_ARRAY_SIZE] = \"\";", "            if (fgets(inputBuffer, CHAR_ARRAY_SIZE, stdin) != NULL)", "                data = atoi(inputBuffer);", "            {", "    if(STATIC_CONST_FIVE!=5)", "    {", "            int i;", "            int buffer[10] = { 0 };", "            if (data >= 0 && data < (10))", "                buffer[data] = 1;", "                for(i = 0; i < 10; i++)", "                    printIntLine(buffer[i]);", "            {"]}, {"CWE-ID": "CWE-121", "criterion": "atoi", "line": 92, "slices": ["#define CHAR_ARRAY_SIZE (3 * sizeof(data) + 2)", "static const int STATIC_CONST_FIVE = 5;", "static void goodB2G1()", "    int data;", "    data = -1;", "    if(STATIC_CONST_FIVE==5)", "            char inputBuffer[CHAR_ARRAY_SIZE] = \"\";", "            if (fgets(inputBuffer, CHAR_ARRAY_SIZE, stdin) != NULL)", "                data = atoi(inputBuffer);", "            {", "    if(STATIC_CONST_FIVE!=5)", "    {", "            int i;", "            int buffer[10] = { 0 };", "            if (data >= 0 && data < (10))", "                buffer[data] = 1;", "                for(i = 0; i < 10; i++)", "                    printIntLine(buffer[i]);", "            {"]}, {"CWE-ID": "CWE-121", "criterion": "fgets", "line": 139, "slices": ["#define CHAR_ARRAY_SIZE (3 * sizeof(data) + 2)", "static const int STATIC_CONST_FIVE = 5;", "static void goodB2G2()", "    int data;", "    data = -1;", "    if(STATIC_CONST_FIVE==5)", "            char inputBuffer[CHAR_ARRAY_SIZE] = \"\";", "            if (fgets(inputBuffer, CHAR_ARRAY_SIZE, stdin) != NULL)", "                data = atoi(inputBuffer);", "            {", "    if(STATIC_CONST_FIVE==5)", "            int i;", "            int buffer[10] = { 0 };", "            if (data >= 0 && data < (10))", "                buffer[data] = 1;", "                for(i = 0; i < 10; i++)", "                    printIntLine(buffer[i]);", "            {"]}, {"CWE-ID": "CWE-121", "criterion": "atoi", "line": 142, "slices": ["#define CHAR_ARRAY_SIZE (3 * sizeof(data) + 2)", "static const int STATIC_CONST_FIVE = 5;", "static void goodB2G2()", "    int data;", "    data = -1;", "    if(STATIC_CONST_FIVE==5)", "            char inputBuffer[CHAR_ARRAY_SIZE] = \"\";", "            if (fgets(inputBuffer, CHAR_ARRAY_SIZE, stdin) != NULL)", "                data = atoi(inputBuffer);", "            {", "    if(STATIC_CONST_FIVE==5)", "            int i;", "            int buffer[10] = { 0 };", "            if (data >= 0 && data < (10))", "                buffer[data] = 1;", "                for(i = 0; i < 10; i++)", "                    printIntLine(buffer[i]);", "            {"]}]