[{"CWE-ID": "CWE-121", "criterion": "fgets", "line": 34, "slices": ["#define CHAR_ARRAY_SIZE (3 * sizeof(data) + 2)", "void CWE121_Stack_Based_Buffer_Overflow__CWE129_fgets_11_bad()", "    int data;", "    data = -1;", "    if(globalReturnsTrue())", "            char inputBuffer[CHAR_ARRAY_SIZE] = \"\";", "            if (fgets(inputBuffer, CHAR_ARRAY_SIZE, stdin) != NULL)", "                data = atoi(inputBuffer);", "            {", "    if(globalReturnsTrue())", "            int i;", "            int buffer[10] = { 0 };", "            if (data >= 0)", "                buffer[data] = 1;", "                for(i = 0; i < 10; i++)", "                    printIntLine(buffer[i]);", "            {"]}, {"CWE-ID": "CWE-121", "criterion": "atoi", "line": 37, "slices": ["#define CHAR_ARRAY_SIZE (3 * sizeof(data) + 2)", "void CWE121_Stack_Based_Buffer_Overflow__CWE129_fgets_11_bad()", "    int data;", "    data = -1;", "    if(globalReturnsTrue())", "            char inputBuffer[CHAR_ARRAY_SIZE] = \"\";", "            if (fgets(inputBuffer, CHAR_ARRAY_SIZE, stdin) != NULL)", "                data = atoi(inputBuffer);", "            {", "    if(globalReturnsTrue())", "            int i;", "            int buffer[10] = { 0 };", "            if (data >= 0)", "                buffer[data] = 1;", "                for(i = 0; i < 10; i++)", "                    printIntLine(buffer[i]);", "            {"]}, {"CWE-ID": "CWE-121", "criterion": "fgets", "line": 84, "slices": ["#define CHAR_ARRAY_SIZE (3 * sizeof(data) + 2)", "static void goodB2G1()", "    int data;", "    data = -1;", "    if(globalReturnsTrue())", "            char inputBuffer[CHAR_ARRAY_SIZE] = \"\";", "            if (fgets(inputBuffer, CHAR_ARRAY_SIZE, stdin) != NULL)", "                data = atoi(inputBuffer);", "            {", "    if(globalReturnsFalse())", "    {", "            int i;", "            int buffer[10] = { 0 };", "            if (data >= 0 && data < (10))", "                buffer[data] = 1;", "                for(i = 0; i < 10; i++)", "                    printIntLine(buffer[i]);", "            {"]}, {"CWE-ID": "CWE-121", "criterion": "atoi", "line": 87, "slices": ["#define CHAR_ARRAY_SIZE (3 * sizeof(data) + 2)", "static void goodB2G1()", "    int data;", "    data = -1;", "    if(globalReturnsTrue())", "            char inputBuffer[CHAR_ARRAY_SIZE] = \"\";", "            if (fgets(inputBuffer, CHAR_ARRAY_SIZE, stdin) != NULL)", "                data = atoi(inputBuffer);", "            {", "    if(globalReturnsFalse())", "    {", "            int i;", "            int buffer[10] = { 0 };", "            if (data >= 0 && data < (10))", "                buffer[data] = 1;", "                for(i = 0; i < 10; i++)", "                    printIntLine(buffer[i]);", "            {"]}, {"CWE-ID": "CWE-121", "criterion": "fgets", "line": 134, "slices": ["#define CHAR_ARRAY_SIZE (3 * sizeof(data) + 2)", "static void goodB2G2()", "    int data;", "    data = -1;", "    if(globalReturnsTrue())", "            char inputBuffer[CHAR_ARRAY_SIZE] = \"\";", "            if (fgets(inputBuffer, CHAR_ARRAY_SIZE, stdin) != NULL)", "                data = atoi(inputBuffer);", "            {", "    if(globalReturnsTrue())", "            int i;", "            int buffer[10] = { 0 };", "            if (data >= 0 && data < (10))", "                buffer[data] = 1;", "                for(i = 0; i < 10; i++)", "                    printIntLine(buffer[i]);", "            {"]}, {"CWE-ID": "CWE-121", "criterion": "atoi", "line": 137, "slices": ["#define CHAR_ARRAY_SIZE (3 * sizeof(data) + 2)", "static void goodB2G2()", "    int data;", "    data = -1;", "    if(globalReturnsTrue())", "            char inputBuffer[CHAR_ARRAY_SIZE] = \"\";", "            if (fgets(inputBuffer, CHAR_ARRAY_SIZE, stdin) != NULL)", "                data = atoi(inputBuffer);", "            {", "    if(globalReturnsTrue())", "            int i;", "            int buffer[10] = { 0 };", "            if (data >= 0 && data < (10))", "                buffer[data] = 1;", "                for(i = 0; i < 10; i++)", "                    printIntLine(buffer[i]);", "            {"]}]