[{"CWE-ID": "CWE-121", "criterion": "fgets", "line": 60, "slices": ["#define CHAR_ARRAY_SIZE (3 * sizeof(data) + 2)", "static int CWE121_Stack_Based_Buffer_Overflow__CWE129_fgets_45_badData;", "void CWE121_Stack_Based_Buffer_Overflow__CWE129_fgets_45_bad()", "    int data;", "    data = -1;", "        char inputBuffer[CHAR_ARRAY_SIZE] = \"\";", "        if (fgets(inputBuffer, CHAR_ARRAY_SIZE, stdin) != NULL)", "            data = atoi(inputBuffer);", "        {", "    CWE121_Stack_Based_Buffer_Overflow__CWE129_fgets_45_badData = data;"]}, {"CWE-ID": "CWE-121", "criterion": "atoi", "line": 63, "slices": ["#define CHAR_ARRAY_SIZE (3 * sizeof(data) + 2)", "static int CWE121_Stack_Based_Buffer_Overflow__CWE129_fgets_45_badData;", "void CWE121_Stack_Based_Buffer_Overflow__CWE129_fgets_45_bad()", "    int data;", "    data = -1;", "        char inputBuffer[CHAR_ARRAY_SIZE] = \"\";", "        if (fgets(inputBuffer, CHAR_ARRAY_SIZE, stdin) != NULL)", "            data = atoi(inputBuffer);", "        {", "    CWE121_Stack_Based_Buffer_Overflow__CWE129_fgets_45_badData = data;"]}, {"CWE-ID": "CWE-121", "criterion": "fgets", "line": 147, "slices": ["#define CHAR_ARRAY_SIZE (3 * sizeof(data) + 2)", "static int CWE121_Stack_Based_Buffer_Overflow__CWE129_fgets_45_goodB2GData;", "static void goodB2G()", "    int data;", "    data = -1;", "        char inputBuffer[CHAR_ARRAY_SIZE] = \"\";", "        if (fgets(inputBuffer, CHAR_ARRAY_SIZE, stdin) != NULL)", "            data = atoi(inputBuffer);", "        {", "    CWE121_Stack_Based_Buffer_Overflow__CWE129_fgets_45_goodB2GData = data;"]}, {"CWE-ID": "CWE-121", "criterion": "atoi", "line": 150, "slices": ["#define CHAR_ARRAY_SIZE (3 * sizeof(data) + 2)", "static int CWE121_Stack_Based_Buffer_Overflow__CWE129_fgets_45_goodB2GData;", "static void goodB2G()", "    int data;", "    data = -1;", "        char inputBuffer[CHAR_ARRAY_SIZE] = \"\";", "        if (fgets(inputBuffer, CHAR_ARRAY_SIZE, stdin) != NULL)", "            data = atoi(inputBuffer);", "        {", "    CWE121_Stack_Based_Buffer_Overflow__CWE129_fgets_45_goodB2GData = data;"]}]