[{"CWE-ID": "CWE-121", "criterion": "fgets", "line": 42, "slices": ["#define CHAR_ARRAY_SIZE (3 * sizeof(data) + 2)", "void bad()", "    int data;", "    vector<int> dataVector;", "    data = -1;", "        char inputBuffer[CHAR_ARRAY_SIZE] = \"\";", "        if (fgets(inputBuffer, CHAR_ARRAY_SIZE, stdin) != NULL)", "            data = atoi(inputBuffer);", "        {", "    dataVector.insert(dataVector.end(), 1, data);", "    dataVector.insert(dataVector.end(), 1, data);", "    dataVector.insert(dataVector.end(), 1, data);", "    badSink(dataVector);"]}, {"CWE-ID": "CWE-121", "criterion": "atoi", "line": 45, "slices": ["#define CHAR_ARRAY_SIZE (3 * sizeof(data) + 2)", "void bad()", "    int data;", "    vector<int> dataVector;", "    data = -1;", "        char inputBuffer[CHAR_ARRAY_SIZE] = \"\";", "        if (fgets(inputBuffer, CHAR_ARRAY_SIZE, stdin) != NULL)", "            data = atoi(inputBuffer);", "        {", "    dataVector.insert(dataVector.end(), 1, data);", "    dataVector.insert(dataVector.end(), 1, data);", "    dataVector.insert(dataVector.end(), 1, data);", "    badSink(dataVector);"]}, {"CWE-ID": "CWE-121", "criterion": "fgets", "line": 94, "slices": ["#define CHAR_ARRAY_SIZE (3 * sizeof(data) + 2)", "static void goodB2G()", "    int data;", "    vector<int> dataVector;", "    data = -1;", "        char inputBuffer[CHAR_ARRAY_SIZE] = \"\";", "        if (fgets(inputBuffer, CHAR_ARRAY_SIZE, stdin) != NULL)", "            data = atoi(inputBuffer);", "        {", "    dataVector.insert(dataVector.end(), 1, data);", "    dataVector.insert(dataVector.end(), 1, data);", "    dataVector.insert(dataVector.end(), 1, data);", "    goodB2GSink(dataVector);"]}, {"CWE-ID": "CWE-121", "criterion": "atoi", "line": 97, "slices": ["#define CHAR_ARRAY_SIZE (3 * sizeof(data) + 2)", "static void goodB2G()", "    int data;", "    vector<int> dataVector;", "    data = -1;", "        char inputBuffer[CHAR_ARRAY_SIZE] = \"\";", "        if (fgets(inputBuffer, CHAR_ARRAY_SIZE, stdin) != NULL)", "            data = atoi(inputBuffer);", "        {", "    dataVector.insert(dataVector.end(), 1, data);", "    dataVector.insert(dataVector.end(), 1, data);", "    dataVector.insert(dataVector.end(), 1, data);", "    goodB2GSink(dataVector);"]}]