[{"CWE-ID": "CWE-121", "criterion": "fgets", "line": 29, "slices": ["#define CHAR_ARRAY_SIZE (3 * sizeof(data) + 2)", "static int badSource(int data)", "        char inputBuffer[CHAR_ARRAY_SIZE] = \"\";", "        if (fgets(inputBuffer, CHAR_ARRAY_SIZE, stdin) != NULL)", "            data = atoi(inputBuffer);", "        {", "    return data;"]}, {"CWE-ID": "CWE-121", "criterion": "atoi", "line": 32, "slices": ["#define CHAR_ARRAY_SIZE (3 * sizeof(data) + 2)", "static int badSource(int data)", "        char inputBuffer[CHAR_ARRAY_SIZE] = \"\";", "        if (fgets(inputBuffer, CHAR_ARRAY_SIZE, stdin) != NULL)", "            data = atoi(inputBuffer);", "        {", "    return data;"]}, {"CWE-ID": "CWE-121", "criterion": "fgets", "line": 115, "slices": ["#define CHAR_ARRAY_SIZE (3 * sizeof(data) + 2)", "static int goodB2GSource(int data)", "        char inputBuffer[CHAR_ARRAY_SIZE] = \"\";", "        if (fgets(inputBuffer, CHAR_ARRAY_SIZE, stdin) != NULL)", "            data = atoi(inputBuffer);", "        {", "    return data;"]}, {"CWE-ID": "CWE-121", "criterion": "atoi", "line": 118, "slices": ["#define CHAR_ARRAY_SIZE (3 * sizeof(data) + 2)", "static int goodB2GSource(int data)", "        char inputBuffer[CHAR_ARRAY_SIZE] = \"\";", "        if (fgets(inputBuffer, CHAR_ARRAY_SIZE, stdin) != NULL)", "            data = atoi(inputBuffer);", "        {", "    return data;"]}]