[{"CWE-ID": "CWE-121", "criterion": "fgets", "line": 39, "slices": ["#define CHAR_ARRAY_SIZE (3 * sizeof(data) + 2)", "int CWE121_Stack_Based_Buffer_Overflow__CWE129_fgets_68_badData;", "void CWE121_Stack_Based_Buffer_Overflow__CWE129_fgets_68_bad()", "    int data;", "    data = -1;", "        char inputBuffer[CHAR_ARRAY_SIZE] = \"\";", "        if (fgets(inputBuffer, CHAR_ARRAY_SIZE, stdin) != NULL)", "            data = atoi(inputBuffer);", "        {", "    CWE121_Stack_Based_Buffer_Overflow__CWE129_fgets_68_badData = data;"]}, {"CWE-ID": "CWE-121", "criterion": "atoi", "line": 42, "slices": ["#define CHAR_ARRAY_SIZE (3 * sizeof(data) + 2)", "int CWE121_Stack_Based_Buffer_Overflow__CWE129_fgets_68_badData;", "void CWE121_Stack_Based_Buffer_Overflow__CWE129_fgets_68_bad()", "    int data;", "    data = -1;", "        char inputBuffer[CHAR_ARRAY_SIZE] = \"\";", "        if (fgets(inputBuffer, CHAR_ARRAY_SIZE, stdin) != NULL)", "            data = atoi(inputBuffer);", "        {", "    CWE121_Stack_Based_Buffer_Overflow__CWE129_fgets_68_badData = data;"]}, {"CWE-ID": "CWE-121", "criterion": "fgets", "line": 83, "slices": ["#define CHAR_ARRAY_SIZE (3 * sizeof(data) + 2)", "int CWE121_Stack_Based_Buffer_Overflow__CWE129_fgets_68_goodB2GData;", "static void goodB2G()", "    int data;", "    data = -1;", "        char inputBuffer[CHAR_ARRAY_SIZE] = \"\";", "        if (fgets(inputBuffer, CHAR_ARRAY_SIZE, stdin) != NULL)", "            data = atoi(inputBuffer);", "        {", "    CWE121_Stack_Based_Buffer_Overflow__CWE129_fgets_68_goodB2GData = data;"]}, {"CWE-ID": "CWE-121", "criterion": "atoi", "line": 86, "slices": ["#define CHAR_ARRAY_SIZE (3 * sizeof(data) + 2)", "int CWE121_Stack_Based_Buffer_Overflow__CWE129_fgets_68_goodB2GData;", "static void goodB2G()", "    int data;", "    data = -1;", "        char inputBuffer[CHAR_ARRAY_SIZE] = \"\";", "        if (fgets(inputBuffer, CHAR_ARRAY_SIZE, stdin) != NULL)", "            data = atoi(inputBuffer);", "        {", "    CWE121_Stack_Based_Buffer_Overflow__CWE129_fgets_68_goodB2GData = data;"]}]