[{"CWE-ID": "CWE-121", "criterion": "fgets", "line": 29, "slices": ["#define CHAR_ARRAY_SIZE (3 * sizeof(data) + 2)", "int CWE121_Stack_Based_Buffer_Overflow__CWE129_fgets_61b_badSource(int data)", "        char inputBuffer[CHAR_ARRAY_SIZE] = \"\";", "        if (fgets(inputBuffer, CHAR_ARRAY_SIZE, stdin) != NULL)", "            data = atoi(inputBuffer);", "        {", "    return data;"]}, {"CWE-ID": "CWE-121", "criterion": "atoi", "line": 32, "slices": ["#define CHAR_ARRAY_SIZE (3 * sizeof(data) + 2)", "int CWE121_Stack_Based_Buffer_Overflow__CWE129_fgets_61b_badSource(int data)", "        char inputBuffer[CHAR_ARRAY_SIZE] = \"\";", "        if (fgets(inputBuffer, CHAR_ARRAY_SIZE, stdin) != NULL)", "            data = atoi(inputBuffer);", "        {", "    return data;"]}, {"CWE-ID": "CWE-121", "criterion": "fgets", "line": 61, "slices": ["#define CHAR_ARRAY_SIZE (3 * sizeof(data) + 2)", "int CWE121_Stack_Based_Buffer_Overflow__CWE129_fgets_61b_goodB2GSource(int data)", "        char inputBuffer[CHAR_ARRAY_SIZE] = \"\";", "        if (fgets(inputBuffer, CHAR_ARRAY_SIZE, stdin) != NULL)", "            data = atoi(inputBuffer);", "        {", "    return data;"]}, {"CWE-ID": "CWE-121", "criterion": "atoi", "line": 64, "slices": ["#define CHAR_ARRAY_SIZE (3 * sizeof(data) + 2)", "int CWE121_Stack_Based_Buffer_Overflow__CWE129_fgets_61b_goodB2GSource(int data)", "        char inputBuffer[CHAR_ARRAY_SIZE] = \"\";", "        if (fgets(inputBuffer, CHAR_ARRAY_SIZE, stdin) != NULL)", "            data = atoi(inputBuffer);", "        {", "    return data;"]}]