[{"CWE-ID": "CWE-121", "criterion": "fgets", "line": 40, "slices": ["#define CHAR_ARRAY_SIZE (3 * sizeof(data) + 2)", "static int staticTrue = 1; /* true */", "void CWE121_Stack_Based_Buffer_Overflow__CWE129_fgets_05_bad()", "    int data;", "    data = -1;", "    if(staticTrue)", "            char inputBuffer[CHAR_ARRAY_SIZE] = \"\";", "            if (fgets(inputBuffer, CHAR_ARRAY_SIZE, stdin) != NULL)", "                data = atoi(inputBuffer);", "            {", "    if(staticTrue)", "            int i;", "            int buffer[10] = { 0 };", "            if (data >= 0)", "                buffer[data] = 1;", "                for(i = 0; i < 10; i++)", "                    printIntLine(buffer[i]);", "            {"]}, {"CWE-ID": "CWE-121", "criterion": "atoi", "line": 43, "slices": ["#define CHAR_ARRAY_SIZE (3 * sizeof(data) + 2)", "static int staticTrue = 1; /* true */", "void CWE121_Stack_Based_Buffer_Overflow__CWE129_fgets_05_bad()", "    int data;", "    data = -1;", "    if(staticTrue)", "            char inputBuffer[CHAR_ARRAY_SIZE] = \"\";", "            if (fgets(inputBuffer, CHAR_ARRAY_SIZE, stdin) != NULL)", "                data = atoi(inputBuffer);", "            {", "    if(staticTrue)", "            int i;", "            int buffer[10] = { 0 };", "            if (data >= 0)", "                buffer[data] = 1;", "                for(i = 0; i < 10; i++)", "                    printIntLine(buffer[i]);", "            {"]}, {"CWE-ID": "CWE-121", "criterion": "fgets", "line": 90, "slices": ["#define CHAR_ARRAY_SIZE (3 * sizeof(data) + 2)", "static int staticTrue = 1; /* true */", "static int staticFalse = 0; /* false */", "static void goodB2G1()", "    int data;", "    data = -1;", "    if(staticTrue)", "            char inputBuffer[CHAR_ARRAY_SIZE] = \"\";", "            if (fgets(inputBuffer, CHAR_ARRAY_SIZE, stdin) != NULL)", "                data = atoi(inputBuffer);", "            {", "    if(staticFalse)", "    {", "            int i;", "            int buffer[10] = { 0 };", "            if (data >= 0 && data < (10))", "                buffer[data] = 1;", "                for(i = 0; i < 10; i++)", "                    printIntLine(buffer[i]);", "            {"]}, {"CWE-ID": "CWE-121", "criterion": "atoi", "line": 93, "slices": ["#define CHAR_ARRAY_SIZE (3 * sizeof(data) + 2)", "static int staticTrue = 1; /* true */", "static int staticFalse = 0; /* false */", "static void goodB2G1()", "    int data;", "    data = -1;", "    if(staticTrue)", "            char inputBuffer[CHAR_ARRAY_SIZE] = \"\";", "            if (fgets(inputBuffer, CHAR_ARRAY_SIZE, stdin) != NULL)", "                data = atoi(inputBuffer);", "            {", "    if(staticFalse)", "    {", "            int i;", "            int buffer[10] = { 0 };", "            if (data >= 0 && data < (10))", "                buffer[data] = 1;", "                for(i = 0; i < 10; i++)", "                    printIntLine(buffer[i]);", "            {"]}, {"CWE-ID": "CWE-121", "criterion": "fgets", "line": 140, "slices": ["#define CHAR_ARRAY_SIZE (3 * sizeof(data) + 2)", "static int staticTrue = 1; /* true */", "static void goodB2G2()", "    int data;", "    data = -1;", "    if(staticTrue)", "            char inputBuffer[CHAR_ARRAY_SIZE] = \"\";", "            if (fgets(inputBuffer, CHAR_ARRAY_SIZE, stdin) != NULL)", "                data = atoi(inputBuffer);", "            {", "    if(staticTrue)", "            int i;", "            int buffer[10] = { 0 };", "            if (data >= 0 && data < (10))", "                buffer[data] = 1;", "                for(i = 0; i < 10; i++)", "                    printIntLine(buffer[i]);", "            {"]}, {"CWE-ID": "CWE-121", "criterion": "atoi", "line": 143, "slices": ["#define CHAR_ARRAY_SIZE (3 * sizeof(data) + 2)", "static int staticTrue = 1; /* true */", "static void goodB2G2()", "    int data;", "    data = -1;", "    if(staticTrue)", "            char inputBuffer[CHAR_ARRAY_SIZE] = \"\";", "            if (fgets(inputBuffer, CHAR_ARRAY_SIZE, stdin) != NULL)", "                data = atoi(inputBuffer);", "            {", "    if(staticTrue)", "            int i;", "            int buffer[10] = { 0 };", "            if (data >= 0 && data < (10))", "                buffer[data] = 1;", "                for(i = 0; i < 10; i++)", "                    printIntLine(buffer[i]);", "            {"]}]