[{"CWE-ID": "CWE-121", "criterion": "fgets", "line": 36, "slices": ["#define CHAR_ARRAY_SIZE (3 * sizeof(data) + 2)", "void bad()", "    int data;", "    data = -1;", "        char inputBuffer[CHAR_ARRAY_SIZE] = \"\";", "        if (fgets(inputBuffer, CHAR_ARRAY_SIZE, stdin) != NULL)", "            data = atoi(inputBuffer);", "        {", "    const CWE121_Stack_Based_Buffer_Overflow__CWE129_fgets_81_base& baseObject = CWE121_Stack_Based_Buffer_Overflow__CWE129_fgets_81_bad();", "    baseObject.action(data);"]}, {"CWE-ID": "CWE-121", "criterion": "atoi", "line": 39, "slices": ["#define CHAR_ARRAY_SIZE (3 * sizeof(data) + 2)", "void bad()", "    int data;", "    data = -1;", "        char inputBuffer[CHAR_ARRAY_SIZE] = \"\";", "        if (fgets(inputBuffer, CHAR_ARRAY_SIZE, stdin) != NULL)", "            data = atoi(inputBuffer);", "        {", "    const CWE121_Stack_Based_Buffer_Overflow__CWE129_fgets_81_base& baseObject = CWE121_Stack_Based_Buffer_Overflow__CWE129_fgets_81_bad();", "    baseObject.action(data);"]}, {"CWE-ID": "CWE-121", "criterion": "fgets", "line": 76, "slices": ["#define CHAR_ARRAY_SIZE (3 * sizeof(data) + 2)", "static void goodB2G()", "    int data;", "    data = -1;", "        char inputBuffer[CHAR_ARRAY_SIZE] = \"\";", "        if (fgets(inputBuffer, CHAR_ARRAY_SIZE, stdin) != NULL)", "            data = atoi(inputBuffer);", "        {", "    const CWE121_Stack_Based_Buffer_Overflow__CWE129_fgets_81_base& baseObject = CWE121_Stack_Based_Buffer_Overflow__CWE129_fgets_81_goodB2G();", "    baseObject.action(data);"]}, {"CWE-ID": "CWE-121", "criterion": "atoi", "line": 79, "slices": ["#define CHAR_ARRAY_SIZE (3 * sizeof(data) + 2)", "static void goodB2G()", "    int data;", "    data = -1;", "        char inputBuffer[CHAR_ARRAY_SIZE] = \"\";", "        if (fgets(inputBuffer, CHAR_ARRAY_SIZE, stdin) != NULL)", "            data = atoi(inputBuffer);", "        {", "    const CWE121_Stack_Based_Buffer_Overflow__CWE129_fgets_81_base& baseObject = CWE121_Stack_Based_Buffer_Overflow__CWE129_fgets_81_goodB2G();", "    baseObject.action(data);"]}]